ID,Test Date,Milk,PCTF,PCTP,305ME,SCC,?,Pen,Mun
1,2/18/2019,65,4.4,2.8,15770,231,0,0,0
1,3/23/2019,69,4,2.9,16190,6,0,0,0
1,4/25/2019,62,4.4,3,15970,15,0,0,0
2,2/18/2019,75,3.5,2.9,17630,26,0,0,0
2,3/23/2019,77,3.1,2.7,17920,9,0,0,0
2,4/25/2019,64,4,2.7,16670,22,0,0,0
7,3/21/2018,55,4,3.6,0,79,0,0,0
7,4/23/2018,68,3.4,2.6,17480,16,0,0,0
7,5/24/2018,51,3.3,2.5,15150,33,0,0,0
7,6/28/2018,58,3.6,2.6,17050,8,0,0,0
7,7/5/2018,58,3.6,2.6,17410,13,0,0,0
7,7/11/2018,54,3.5,2.6,17050,13,0,0,0
7,7/18/2018,53,3.2,2.6,17150,45,0,0,11
7,7/26/2018,57,3.4,2.5,17910,22,0,0,15
7,8/1/2018,56,3.5,2.6,17790,26,0,0,15
7,9/5/2018,64,4.2,2.8,19890,16,0,0,13
7,10/5/2018,48,4.2,3.2,18630,13,0,0,13
7,12/10/2018,57,3.7,2.9,20160,14,0,0,0
7,1/10/2019,55,3.8,3,20270,14,0,0,0
7,2/18/2019,41,4.6,3.2,20340,20,0,0,0
7,3/23/2019,42,4,3.1,20340,37,0,0,0
7,4/25/2019,0,0,0,20290,0,0,0,0
544,1/10/2019,59,3.9,2.9,15290,144,0,0,0
544,2/18/2019,82,4.2,2.7,18240,79,0,0,0
544,3/23/2019,73,3.3,2.6,18210,49,0,0,0
544,4/25/2019,69,4.5,2.8,18630,163,0,0,0
585,3/23/2019,83,3.7,2.9,18310,588,0,0,0
585,4/25/2019,79,4.4,2.6,17640,316,0,0,0
591,12/10/2018,88,3.2,2.8,18670,45,0,0,0
591,1/10/2019,92,2.7,2.4,19900,15,0,0,0
591,2/18/2019,58,3.3,2.5,16720,12,0,0,0
591,3/23/2019,44,3,2.7,15440,37,0,0,0
591,4/25/2019,37,3.8,2.8,14840,49,0,0,0
607,3/21/2018,79,4.4,4.2,0,121,0,0,0
607,4/23/2018,87,3.8,2.6,17250,17,0,0,0
607,5/24/2018,89,3.7,2.7,18570,37,0,0,0
607,6/28/2018,85,4.6,2.8,19520,35,0,0,0
607,7/5/2018,71,3.4,2.8,18500,48,0,0,0
607,7/11/2018,71,3.6,2.7,18640,58,0,0,0
607,7/18/2018,79,4.4,2.7,19750,69,0,0,14
607,7/26/2018,61,3.8,2.6,18140,94,0,0,19
607,8/1/2018,67,3.5,2.7,18950,53,0,0,19
607,9/5/2018,72,4.4,2.7,20560,42,0,0,14
607,10/5/2018,70,5.3,3.4,21350,69,0,0,18
607,12/10/2018,0,0,0,21340,0,1,0,0
607,1/10/2019,0,0,0,21340,0,1,0,0
607,2/18/2019,58,4.6,3.6,20550,31,0,0,0
607,3/23/2019,59,7.4,3.6,22000,54,0,0,0
607,4/25/2019,40,5.4,3.6,21880,71,0,0,0
611,9/5/2018,74,3.7,2.9,17120,93,0,0,15
611,10/5/2018,60,4.3,2.5,15390,46,0,0,15
611,11/7/2018,54,3.9,2.5,14910,56,0,0,0
611,12/10/2018,47,3.7,2.6,14470,70,0,0,0
611,1/10/2019,51,3.3,2.6,15480,67,0,0,0
611,2/18/2019,58,4.1,2.7,17140,89,0,0,0
611,3/23/2019,52,3,2.8,17100,82,0,0,0
611,4/25/2019,27,0,0,15510,0,1,0,0
616,1/10/2019,78,4.6,3.5,16750,38,0,0,0
616,2/18/2019,85,4.2,2.7,17890,26,0,0,0
616,3/23/2019,69,1.8,2.7,16830,16,0,0,0
616,4/25/2019,84,4.9,2.6,19300,25,0,0,0
634,5/16/2017,53,4.8,3.7,13560,54,0,0,0
634,6/12/2017,70,3.2,2.7,14900,95,0,0,0
634,7/17/2017,66,2.9,2.5,14720,62,0,0,0
634,8/16/2017,59,4.1,2.6,14500,91,0,0,0
634,9/21/2017,56,4.1,2.8,15200,80,0,0,0
634,10/24/2017,44,3.9,2.9,14450,60,0,0,0
634,11/21/2017,53,3.6,2.8,15840,62,0,0,0
634,12/19/2017,47,4,3.1,15980,50,0,0,0
634,1/19/2018,58,4.2,3.1,17210,47,0,0,0
634,2/17/2018,49,4.3,3.2,17140,55,0,0,0
634,3/21/2018,51,3.9,3.2,17260,34,0,0,0
634,10/5/2018,24,6,3.9,17260,76,0,0,14
634,1/10/2019,41,4.7,3.7,17260,37,0,0,0
634,2/18/2019,39,5.1,3.6,17260,79,0,0,0
634,3/23/2019,38,4.8,3.8,17260,52,0,0,0
634,4/25/2019,35,5.4,3.8,17260,115,0,0,0
636,12/10/2018,61,3.8,2.7,14020,48,0,0,0
636,1/10/2019,74,3.3,2.7,15390,12,0,0,0
636,2/18/2019,63,3.7,2.8,15080,23,0,0,0
636,3/23/2019,63,3.3,2.8,15820,16,0,0,0
636,4/25/2019,72,4,2.9,17500,34,0,0,0
642,12/10/2018,72,4.3,2.6,15570,38,0,0,0
642,1/10/2019,86,3.1,2.4,17660,20,0,0,0
642,2/18/2019,75,4.1,2.6,17500,29,0,0,0
642,3/23/2019,71,3.6,2.7,18020,52,0,0,0
642,4/25/2019,67,4.6,2.7,18300,43,0,0,0
645,1/19/2018,58,5.4,3.9,0,536,0,0,0
645,2/17/2018,80,2.8,2.6,16060,20,0,0,0
645,3/21/2018,79,3.5,2.6,16180,18,0,0,0
645,4/23/2018,65,3.6,2.7,15520,12,0,0,0
645,5/24/2018,70,3.1,3,16690,28,0,0,0
645,6/28/2018,65,3.8,2.9,16970,30,0,0,0
645,7/5/2018,64,3.7,2.7,17100,14,0,0,0
645,7/11/2018,65,3.8,2.8,17350,28,0,0,0
645,7/18/2018,79,3.9,2.7,18770,17,0,0,15
645,7/26/2018,61,3.5,2.7,17500,16,0,0,22
645,8/1/2018,58,3.9,2.7,17390,28,0,0,24
645,12/10/2018,51,4.5,3.5,19190,26,0,0,0
645,1/10/2019,47,4.5,3.5,19190,30,0,0,0
645,2/18/2019,51,5.2,3.7,18980,35,0,0,0
645,3/23/2019,52,4.5,3.7,19150,32,0,0,0
645,4/25/2019,45,5,3.6,18970,79,0,0,0
656,10/5/2018,86,4.5,3.4,18400,30,0,0,13
656,11/7/2018,62,3.3,2.9,15300,35,0,0,0
656,12/10/2018,64,5,2.9,16100,264,0,0,0
656,1/10/2019,43,2.6,3.4,13800,173,0,0,0
656,2/18/2019,53,4.5,3.4,15310,532,0,0,0
656,3/23/2019,40,3.6,3.5,14320,278,0,0,0
656,4/25/2019,40,4.4,3.5,14690,352,0,0,0
664,6/28/2018,35,5.9,3.3,11040,602,0,0,0
664,7/5/2018,39,3.7,2.7,11640,133,0,0,0
664,7/11/2018,45,5.1,2.6,11980,105,0,0,0
664,7/18/2018,60,4.1,2.7,13500,24,0,0,11
664,7/26/2018,71,3.5,2.8,14790,18,0,0,13
664,8/1/2018,60,2.8,2.8,13560,22,0,0,15
664,9/5/2018,64,2.9,3.1,14740,30,0,0,11
664,10/5/2018,54,4.4,3.2,14190,1083,0,0,11
664,11/7/2018,58,3.3,3.4,15440,74,0,0,0
664,12/10/2018,57,2.8,3.4,16080,179,0,0,0
664,1/10/2019,61,3.5,3.3,17070,181,0,0,0
664,2/18/2019,61,4,3.4,17790,173,0,0,0
664,3/23/2019,55,3.4,3.3,17910,205,0,0,0
664,4/25/2019,52,4.4,3.2,18050,227,0,0,0
666,3/21/2018,64,4.1,4.2,0,49,0,0,0
666,4/23/2018,80,3.5,2.4,15640,82,0,0,0
666,5/24/2018,93,3.9,2.8,18120,20,0,0,0
666,6/28/2018,62,2.9,2.8,15870,19,0,0,0
666,7/5/2018,67,3.5,2.7,16800,16,0,0,0
666,7/11/2018,67,3.9,2.7,16930,34,0,0,0
666,7/18/2018,69,3.5,2.7,17260,25,0,0,15
666,7/26/2018,65,3.8,2.8,17090,40,0,0,16
666,8/1/2018,65,4.1,2.8,17200,114,0,0,17
666,9/5/2018,66,4.6,3,18320,275,0,0,14
666,10/5/2018,56,4.8,3.3,18220,297,0,0,14
666,12/10/2018,51,4.2,3.4,19190,88,0,0,0
666,1/10/2019,53,4.4,3.4,19400,67,0,0,0
666,2/18/2019,46,5.4,3.9,19460,77,0,0,0
666,3/23/2019,32,4.9,4,19460,161,0,0,0
666,4/25/2019,0,0,0,19390,0,0,0,0
667,1/10/2019,97,3.7,2.6,18450,97,0,0,0
667,2/18/2019,94,3.6,2.4,19080,1403,0,0,0
667,3/23/2019,87,2.9,2.6,19690,386,0,0,0
667,4/25/2019,79,4.1,2.6,19650,405,0,0,0
670,4/23/2018,67,3.6,2.6,13880,12,0,0,0
670,5/24/2018,65,2.4,2.9,14060,8,0,0,0
670,6/28/2018,56,3.4,3,13690,9,0,0,0
670,7/5/2018,52,2.7,2.8,13610,16,0,0,0
670,7/11/2018,58,3.7,2.9,14260,18,0,0,0
670,7/18/2018,62,4.7,2.8,14750,33,0,0,11
670,7/26/2018,43,1.9,2.9,12970,17,0,0,13
670,8/1/2018,65,4.5,2.8,15230,21,0,0,13
670,9/5/2018,32,1.9,2.9,12700,30,0,0,11
670,10/5/2018,54,3.9,3.3,15100,29,0,0,13
670,11/7/2018,45,3.5,3.1,15040,53,0,0,0
670,12/10/2018,49,4,3.1,15700,41,0,0,0
670,1/10/2019,33,2.5,3.2,15510,36,0,0,0
670,2/18/2019,49,4.7,3.2,15570,78,0,0,0
670,3/23/2019,20,5.4,3.2,15570,77,0,0,0
670,4/25/2019,0,0,0,15570,0,0,0,0
675,4/25/2019,86,3.6,2.8,17060,11,0,0,0
676,4/25/2019,0,0,0,0,0,0,0,0
682,3/21/2018,81,2.5,2.6,17120,60,0,0,0
682,4/23/2018,51,3.4,2.3,13040,147,0,0,0
682,5/24/2018,51,3.7,2.5,13470,155,0,0,0
682,6/28/2018,49,3.5,2.6,13400,166,0,0,0
682,7/5/2018,46,3.3,2.5,13310,218,0,0,0
682,7/11/2018,45,3.5,2.4,13230,177,0,0,0
682,7/18/2018,46,3.7,2.4,13310,361,0,0,15
682,7/26/2018,51,3.6,2.5,13900,372,0,0,16
682,8/1/2018,44,3.4,2.5,12800,258,0,0,17
682,9/5/2018,42,4.5,2.7,13490,219,0,0,14
682,10/5/2018,36,4.4,3.2,13590,211,0,0,13
682,12/10/2018,41,4.3,3.3,14680,371,0,0,0
682,1/10/2019,43,4.2,3.2,14810,144,0,0,0
682,2/18/2019,34,5.2,3.7,14810,2284,0,0,0
682,3/23/2019,42,5.2,3.5,14810,522,0,0,0
682,4/25/2019,40,5,3.6,14790,239,0,0,0
685,4/23/2018,57,3.1,2.5,12760,101,0,0,0
685,5/24/2018,82,2.5,2.5,15590,27,0,0,0
685,6/28/2018,76,3.4,2.4,16180,76,0,0,0
685,7/5/2018,64,3,2.4,15330,28,0,0,0
685,7/11/2018,67,2.6,2.6,15660,47,0,0,0
685,7/18/2018,72,2.9,2.5,16390,38,0,0,15
685,7/26/2018,63,2.6,2.7,15840,113,0,0,19
685,8/1/2018,72,2.7,2.6,16840,42,0,0,19
685,9/5/2018,62,2.6,2.8,16960,47,0,0,18
685,10/5/2018,56,3.5,3.2,17190,58,0,0,16
685,11/7/2018,50,2.7,3.3,17410,562,0,0,0
685,12/10/2018,49,3.3,3.2,17860,173,0,0,0
685,1/10/2019,55,3.4,3.2,18260,103,0,0,0
685,2/18/2019,44,4.3,3.4,18320,179,0,0,0
685,3/23/2019,46,3.7,3.4,18320,140,0,0,0
685,4/25/2019,27,4.6,3.7,18320,706,0,0,0
687,2/17/2018,73,3.2,2.9,0,28,0,0,0
687,3/21/2018,77,2.6,2.7,16990,54,0,0,0
687,4/23/2018,67,3.2,2.6,15730,24,0,0,0
687,5/24/2018,74,2.5,3,17360,42,0,0,0
687,6/28/2018,62,2.8,2.9,16800,30,0,0,0
687,7/5/2018,58,2.9,2.9,16420,40,0,0,0
687,7/11/2018,60,2.9,2.9,16850,71,0,0,0
687,7/18/2018,51,2.8,2.9,16030,43,0,0,13
687,7/26/2018,61,2.6,2.9,17090,56,0,0,15
687,8/1/2018,56,3.2,2.8,16770,95,0,0,16
687,9/5/2018,48,2.3,3.1,16740,39,0,0,13
687,12/10/2018,39,3.4,3.5,17780,62,0,0,0
687,1/10/2019,41,3.9,3.4,17840,77,0,0,0
687,2/18/2019,29,3.9,3.2,17840,90,0,0,0
687,3/23/2019,36,3.5,3.4,17850,53,0,0,0
687,4/25/2019,32,4.2,3.5,17910,131,0,0,0
691,1/10/2019,92,3.7,3,17950,24,0,0,0
691,2/18/2019,80,3.4,2.7,17110,12,0,0,0
691,3/23/2019,69,3.3,2.8,16800,9,0,0,0
691,4/25/2019,67,4.1,2.8,17130,11,0,0,0
693,9/5/2018,68,4.7,3.4,16400,90,0,0,10
693,10/5/2018,86,3.3,2.7,18750,16,0,0,11
693,11/7/2018,83,3.1,2.5,19620,44,0,0,0
693,12/10/2018,78,3.3,2.6,20610,70,0,0,0
693,1/10/2019,68,3.5,2.5,20570,73,0,0,0
693,2/18/2019,70,3.5,3,22100,77,0,0,0
693,3/23/2019,69,3,2.9,22870,68,0,0,0
693,4/25/2019,62,3.8,2.9,23080,87,0,0,0
697,4/25/2019,37,6.5,3.9,0,8,0,0,0
699,1/19/2018,54,3.9,3.5,14740,65,0,0,0
699,2/17/2018,87,3.5,2.5,18580,23,0,0,0
699,3/21/2018,73,2.6,2.6,17130,24,0,0,0
699,4/23/2018,65,3.1,2.7,17030,10,0,0,0
699,5/24/2018,68,3.4,2.7,18110,11,0,0,0
699,6/28/2018,58,3.5,2.8,17700,10,0,0,0
699,7/5/2018,60,3.6,2.7,18130,11,0,0,0
699,7/11/2018,58,3.9,2.8,18110,11,0,0,0
699,7/18/2018,56,3.4,2.8,18100,11,0,0,16
699,7/26/2018,57,3.7,2.8,18370,15,0,0,20
699,8/1/2018,51,3.7,2.8,18000,17,0,0,20
699,12/10/2018,59,3.9,3.4,20140,28,0,0,0
699,1/10/2019,47,4,3.3,20140,40,0,0,0
699,2/18/2019,51,4.7,3.5,19780,35,0,0,0
699,3/23/2019,50,4.3,3.6,19820,44,0,0,0
699,4/25/2019,40,4.9,3.7,19980,42,0,0,0
700,10/5/2018,70,4.2,3.3,16890,534,0,0,8
700,11/7/2018,83,3.1,2.4,18980,186,0,0,0
700,12/10/2018,72,3.2,2.4,18270,15,0,0,0
700,1/10/2019,74,3.2,2.6,19410,14,0,0,0
700,2/18/2019,73,3.9,2.7,20480,114,0,0,0
700,3/23/2019,69,3.5,2.8,20870,12,0,0,0
700,4/25/2019,67,4.4,2.8,21480,22,0,0,0
701,9/21/2017,64,3.8,2.6,15180,35,0,0,0
701,10/24/2017,52,4.4,2.9,13880,72,0,0,0
701,11/21/2017,60,4.2,3,15620,76,0,0,0
701,12/19/2017,50,4.5,3.4,15030,90,0,0,0
701,1/19/2018,50,5.1,3.6,15470,92,0,0,0
701,2/17/2018,47,5,3.7,15730,63,0,0,0
701,3/21/2018,47,4.9,3.8,16200,74,0,0,0
701,4/23/2018,42,5.2,3.8,16290,53,0,0,0
701,5/24/2018,46,5.2,3.7,16830,112,0,0,0
701,6/28/2018,46,5.3,3.6,17010,93,0,0,0
701,7/5/2018,39,4.6,3.7,17010,85,0,0,0
701,12/10/2018,28,5.9,4.7,17010,225,0,0,0
701,1/10/2019,24,5.8,4.7,17010,310,0,0,0
701,2/18/2019,17,6.7,4.8,17010,735,0,0,0
701,3/23/2019,16,5.9,4.7,17010,319,0,0,0
701,4/25/2019,10,6.8,5.1,17010,229,0,0,0
708,12/19/2017,85,3,3.2,18950,51,0,0,0
708,1/19/2018,77,3.4,2.4,18110,10,0,0,0
708,2/17/2018,84,3.3,2.6,19480,14,0,0,0
708,3/21/2018,75,2.3,2.7,19510,8,0,0,0
708,4/23/2018,70,3.2,2.7,19570,9,0,0,0
708,5/24/2018,65,2.7,2.9,19990,9,0,0,0
708,6/28/2018,60,3.8,2.8,20560,27,0,0,0
708,7/5/2018,58,3.3,2.7,20580,17,0,0,0
708,7/11/2018,54,3.4,2.7,20460,23,0,0,0
708,7/18/2018,51,3.8,2.7,20380,28,0,0,15
708,7/26/2018,57,4.3,2.7,20990,28,0,0,16
708,12/10/2018,51,3.7,3.2,21930,86,0,0,0
708,1/10/2019,55,4.1,3.3,22070,36,0,0,0
708,2/18/2019,51,5,3.3,22100,77,0,0,0
708,3/23/2019,52,4.4,3.4,22090,48,0,0,0
708,4/25/2019,0,0,0,21980,0,0,0,0
711,3/23/2019,77,2.8,2.7,16560,15,0,0,0
711,4/25/2019,84,3.4,2.6,17390,8,0,0,0
713,3/21/2018,66,3.1,3.1,16140,24,0,0,0
713,4/23/2018,68,3.3,2.7,15470,14,0,0,0
713,5/24/2018,61,2.1,3.1,15420,12,0,0,0
713,6/28/2018,58,4.3,3.1,15730,36,0,0,0
713,7/5/2018,52,2.9,3.1,15470,16,0,0,0
713,7/11/2018,52,4,3.1,15560,35,0,0,0
713,7/18/2018,56,3.2,3,16050,23,0,0,11
713,7/26/2018,53,3.3,3.1,15830,30,0,0,14
713,8/1/2018,53,4.8,3,15940,40,0,0,14
713,9/5/2018,52,4.1,3.3,16670,43,0,0,11
713,10/5/2018,44,4.4,3.7,16520,62,0,0,13
713,11/7/2018,43,3.5,3.5,17080,53,0,0,0
713,12/10/2018,41,4.2,3.6,17320,110,0,0,0
713,1/10/2019,35,4.5,3.7,17410,154,0,0,0
713,2/18/2019,0,0,0,17410,0,0,0,0
716,7/18/2018,60,4.3,4.1,0,412,0,0,11
716,7/26/2018,72,3.9,3.2,17510,229,0,0,14
716,8/1/2018,76,4.1,2.8,17980,168,0,0,13
716,9/5/2018,82,3.4,2.6,19160,60,0,0,12
716,10/5/2018,68,3.5,2.8,18710,63,0,0,15
716,11/7/2018,62,3.2,2.7,19000,52,0,0,0
716,12/10/2018,61,3.4,2.7,19870,55,0,0,0
716,1/10/2019,41,3.8,2.7,18100,59,0,0,0
716,2/18/2019,53,3.7,2.9,19970,173,0,0,0
716,3/23/2019,55,3.6,2.8,20670,46,0,0,0
716,4/25/2019,0,0,0,20670,0,0,0,0
717,10/5/2018,38,5.6,3.6,12230,62,0,0,11
717,11/7/2018,71,3.2,2.8,16240,24,0,0,0
717,12/10/2018,61,3.9,2.8,15320,25,0,0,0
717,1/10/2019,64,4.1,3,16330,22,0,0,0
717,2/18/2019,58,5,3,16290,29,0,0,0
717,3/23/2019,63,3.9,3,17470,12,0,0,0
717,4/25/2019,62,4.7,3.1,18170,371,0,0,0
719,3/23/2019,73,3.8,2.9,16550,370,0,0,0
719,4/25/2019,77,3.4,2.5,16570,626,0,0,0
720,4/23/2018,72,4.8,3.8,0,336,0,0,0
720,5/24/2018,87,2.4,2.4,18760,17,0,0,0
720,6/28/2018,69,2.5,2.4,16850,20,0,0,0
720,7/5/2018,79,3.1,2.2,18320,27,0,0,0
720,7/11/2018,73,2.9,2.3,18000,69,0,0,0
720,7/18/2018,76,3,2.4,18450,25,0,0,13
720,7/26/2018,76,2.7,2.3,18900,27,0,0,16
720,8/1/2018,65,2.8,2.3,17720,65,0,0,18
720,9/5/2018,74,2.9,2.6,19970,50,0,0,15
720,10/5/2018,64,3.3,2.8,19970,38,0,0,14
720,11/7/2018,69,3.4,2.7,21480,24,0,0,0
720,12/10/2018,66,3.3,2.7,22240,43,0,0,0
720,1/10/2019,74,3.5,2.8,23290,51,0,0,0
720,2/18/2019,63,3.8,3.1,23240,38,0,0,0
720,3/23/2019,54,3.7,3.1,23300,51,0,0,0
720,4/25/2019,0,0,0,23300,0,0,0,0
721,4/23/2018,68,3.2,2.4,17520,46,0,0,0
721,5/24/2018,74,3.1,2.6,19280,29,0,0,0
721,6/28/2018,60,3.6,2.7,18220,50,0,0,0
721,7/5/2018,52,3.8,2.7,17350,69,0,0,0
721,7/11/2018,62,3.3,2.7,19120,98,0,0,0
721,7/18/2018,58,3.4,2.7,18570,64,0,0,14
721,7/26/2018,59,3.7,2.6,19150,133,0,0,14
721,8/1/2018,53,3.4,2.7,18380,103,0,0,16
721,9/5/2018,50,4.2,2.9,18670,54,0,0,12
721,10/5/2018,44,4.6,3.4,18390,183,0,0,14
721,11/7/2018,50,4.3,3.5,19460,45,0,0,0
721,12/10/2018,49,4.2,3.5,19770,85,0,0,0
721,1/10/2019,41,4.7,3.7,19720,303,0,0,0
721,2/18/2019,41,5.8,3.6,19820,546,0,0,0
721,3/23/2019,42,4.9,4,19820,96,0,0,0
721,4/25/2019,42,5.5,3.9,19820,54,0,0,0
722,10/5/2018,66,2.6,3,16660,13,0,0,14
722,11/7/2018,60,3.1,3,15890,36,0,0,0
722,12/10/2018,59,3,3.1,16520,30,0,0,0
722,1/10/2019,43,3.8,2.7,14570,36,0,0,0
722,2/18/2019,46,3.5,3.2,15420,32,0,0,0
722,3/23/2019,61,3.3,3.2,17430,23,0,0,0
722,4/25/2019,45,3.8,3.1,16730,34,0,0,0
723,2/18/2019,65,4.7,2.7,15650,35,0,0,0
723,3/23/2019,63,3.4,2.8,15520,17,0,0,0
723,4/25/2019,52,4.5,2.9,14720,13,0,0,0
724,3/23/2019,52,4.4,4.3,0,30,0,0,0
724,4/25/2019,57,4.3,2.9,13910,30,0,0,0
726,2/17/2018,75,3.3,2.5,20550,19,0,0,0
726,3/21/2018,68,2.7,2.5,19430,34,0,0,0
726,4/23/2018,67,3,2.4,20190,57,0,0,0
726,5/24/2018,70,3,2.7,21550,36,0,0,0
726,6/28/2018,60,3.3,2.7,21100,15,0,0,0
726,7/5/2018,60,3.5,2.6,21220,21,0,0,0
726,7/11/2018,60,3.5,2.7,21470,38,0,0,0
726,7/18/2018,60,3.3,2.7,21580,74,0,0,14
726,7/26/2018,59,2.8,2.6,21700,88,0,0,18
726,8/1/2018,56,3.4,2.7,21510,32,0,0,17
726,9/5/2018,60,3.7,2.9,22590,69,0,0,15
726,12/10/2018,45,3.7,3.1,22960,53,0,0,0
726,1/10/2019,39,3.4,3.1,22960,44,0,0,0
726,2/18/2019,46,5.1,3.2,22960,29,0,0,0
726,3/23/2019,36,4.4,3.4,23060,16,0,0,0
726,4/25/2019,0,0,0,22940,0,0,0,0
730,4/25/2019,84,4.6,2.5,18340,21,0,0,0
731,4/25/2019,84,5,2.8,18540,697,0,0,0
733,3/21/2018,55,3.6,2.9,15020,97,0,0,0
733,4/23/2018,50,3.4,2.7,13380,105,0,0,0
733,5/24/2018,55,4,3.1,15000,99,0,0,0
733,6/28/2018,51,4.1,3.2,15100,133,0,0,0
733,7/5/2018,48,3.9,2.9,14990,154,0,0,0
733,7/11/2018,50,4,2.9,15460,131,0,0,0
733,7/18/2018,51,3.7,3,15750,140,0,0,15
733,7/26/2018,53,3.8,3,16030,154,0,0,17
733,8/1/2018,51,3.7,3,15940,147,0,0,19
733,9/5/2018,50,4.1,3.3,16510,135,0,0,15
733,10/5/2018,44,4.5,3.5,16320,109,0,0,14
733,12/10/2018,47,4.3,3.6,17210,84,0,0,0
733,1/10/2019,47,4.7,3.5,17380,70,0,0,0
733,2/18/2019,46,5.1,3.7,17380,284,0,0,0
733,3/23/2019,48,4.7,3.7,17380,53,0,0,0
733,4/25/2019,42,5.6,3.7,17250,79,0,0,0
734,1/19/2018,56,3,2.6,15680,959,0,0,0
734,2/17/2018,63,3.2,2.7,16410,141,0,0,0
734,3/21/2018,41,3.2,2.7,13110,27,0,0,0
734,4/23/2018,48,3.6,2.8,14430,364,0,0,0
734,5/24/2018,53,3.6,2.8,15660,38,0,0,0
734,6/28/2018,44,3.6,2.7,15130,18,0,0,0
734,7/5/2018,41,3.6,2.9,14940,30,0,0,0
734,7/11/2018,45,3.1,2.9,15400,17,0,0,0
734,7/18/2018,46,3.3,2.9,15600,50,0,0,15
734,7/26/2018,51,3.4,2.8,16260,31,0,0,16
734,8/1/2018,44,3.1,2.9,15690,17,0,0,17
734,12/10/2018,45,3.6,3.4,16890,21,0,0,0
734,1/10/2019,41,4.2,3.4,16890,416,0,0,0
734,2/18/2019,41,4.2,3.6,16740,858,0,0,0
734,3/23/2019,40,4.2,3.7,16670,133,0,0,0
734,4/25/2019,37,4.7,3.8,16640,506,0,0,0
735,1/10/2019,74,3.7,2.8,16970,30,0,0,0
735,2/18/2019,75,3.8,2.5,17160,28,0,0,0
735,3/23/2019,69,3.6,2.6,17220,32,0,0,0
735,4/25/2019,77,5.4,2.7,18890,57,0,0,0
736,4/23/2018,61,2.6,2.4,15600,17,0,0,0
736,5/24/2018,67,3.1,2.8,16910,18,0,0,0
736,6/28/2018,60,3.4,2.7,16840,31,0,0,0
736,7/5/2018,54,2.7,2.6,16200,175,0,0,0
736,7/11/2018,56,3.5,2.7,16540,40,0,0,0
736,7/18/2018,58,3.3,2.6,17140,39,0,0,15
736,7/26/2018,63,3.5,2.6,17980,123,0,0,16
736,8/1/2018,42,3.8,2.5,15160,52,0,0,20
736,9/5/2018,54,3.7,2.8,17530,31,0,0,15
736,10/5/2018,50,3.9,3.1,17580,18,0,0,14
736,11/7/2018,54,3.6,3.1,18500,17,0,0,0
736,12/10/2018,53,3.5,3,18870,19,0,0,0
736,1/10/2019,55,3.7,3,19250,21,0,0,0
736,2/18/2019,56,4.6,3.1,19400,61,0,0,0
736,3/23/2019,57,3.4,3.1,19400,7,0,0,0
736,4/25/2019,47,4.6,3.2,19400,19,0,0,0
738,4/25/2019,74,4.3,3.4,17910,24,0,0,0
739,2/17/2018,70,3,2.7,18900,53,0,0,0
739,3/21/2018,64,3,2.6,18050,27,0,0,0
739,4/23/2018,55,3,2.6,17050,34,0,0,0
739,5/24/2018,59,3.5,3,18290,49,0,0,0
739,6/28/2018,58,3,2.7,18890,48,0,0,0
739,7/5/2018,48,3,2.5,17800,74,0,0,0
739,7/11/2018,50,2.9,2.6,18200,125,0,0,0
739,7/18/2018,42,3.6,2.8,17210,124,0,0,13
739,7/26/2018,47,3.1,2.7,18030,77,0,0,16
739,8/1/2018,37,3.6,2.7,17000,88,0,0,20
739,9/5/2018,48,3.6,3,18540,70,0,0,13
739,12/10/2018,49,3.5,3.3,19170,46,0,0,0
739,1/10/2019,57,4.2,3.2,19170,40,0,0,0
739,2/18/2019,49,3.9,3.5,19170,345,0,0,0
739,3/23/2019,46,3.9,3.5,19230,86,0,0,0
739,4/25/2019,0,0,0,19300,0,0,0,0
742,4/25/2019,57,4.6,4.1,0,81,0,0,0
744,3/21/2018,58,2.9,3.5,0,24,0,0,0
744,4/23/2018,61,2.8,2.4,16700,20,0,0,0
744,5/24/2018,59,2.8,2.8,17060,563,0,0,0
744,6/28/2018,53,3.7,2.9,16930,30,0,0,0
744,7/5/2018,52,2.9,2.8,17030,22,0,0,0
744,7/11/2018,45,3.7,2.7,16170,32,0,0,0
744,7/18/2018,53,3.3,2.8,17620,29,0,0,16
744,7/26/2018,51,3.4,2.8,17530,37,0,0,20
744,8/1/2018,46,3.2,2.8,16760,23,0,0,20
744,9/5/2018,48,3.7,3.1,17700,24,0,0,16
744,10/5/2018,54,5,3.4,18840,25,0,0,16
744,12/10/2018,51,3.9,3.3,19410,25,0,0,0
744,1/10/2019,49,4.2,3.2,19540,19,0,0,0
744,2/18/2019,44,4.5,3.4,19600,54,0,0,0
744,3/23/2019,44,4.4,3.3,19600,12,0,0,0
744,4/25/2019,0,0,0,19770,0,0,0,0
746,3/21/2018,56,3.1,2.7,16670,46,0,0,0
746,4/23/2018,50,3.2,2.6,14910,48,0,0,0
746,5/24/2018,53,3.5,3,15930,50,0,0,0
746,6/28/2018,46,3.6,3,15240,165,0,0,0
746,7/5/2018,44,3.5,2.8,15120,91,0,0,0
746,7/11/2018,45,4,2.9,15200,161,0,0,0
746,7/18/2018,51,3.9,2.9,16090,90,0,0,16
746,7/26/2018,39,4.1,2.9,14680,115,0,0,21
746,8/1/2018,42,3.8,3,15110,55,0,0,22
746,9/5/2018,42,4.2,3.3,15660,31,0,0,16
746,10/5/2018,40,6.2,3.4,15870,34,0,0,15
746,11/7/2018,45,4.3,3.6,16640,51,0,0,0
746,12/10/2018,43,4.4,3.7,16920,40,0,0,0
746,1/10/2019,39,4.6,3.9,17040,45,0,0,0
746,2/18/2019,32,5.6,4.2,17040,53,0,0,0
746,3/23/2019,0,0,0,17040,0,0,0,0
747,12/10/2018,64,3.7,2.6,17470,41,0,0,0
747,1/10/2019,63,2.5,2.5,17370,81,0,0,0
747,2/18/2019,65,3.6,2.7,18690,297,0,0,0
747,3/23/2019,63,3.3,2.7,18950,149,0,0,0
747,4/25/2019,54,4,2.9,18130,407,0,0,0
748,4/25/2019,59,4.8,3.6,16600,38,0,0,0
749,1/10/2019,68,3.5,3.3,17520,85,0,0,0
749,2/18/2019,77,3.9,2.5,19340,26,0,0,0
749,3/23/2019,75,3.5,2.7,20100,17,0,0,0
749,4/25/2019,64,3.9,2.8,19190,31,0,0,0
750,1/10/2019,61,3.4,2.7,16030,13,0,0,0
750,2/18/2019,58,3.6,2.8,15540,72,0,0,0
750,3/23/2019,57,3.3,2.8,16090,21,0,0,0
750,4/25/2019,52,3.6,3,15950,15,0,0,0
751,12/10/2018,55,3.3,3,15980,37,0,0,0
751,1/10/2019,55,3,2.8,15740,18,0,0,0
751,2/18/2019,25,5.5,2.9,10600,28,0,0,0
751,3/23/2019,46,3.7,3,14060,257,0,0,0
751,4/25/2019,47,3.8,3,14520,70,0,0,0
758,12/10/2018,24,3.6,4.1,11220,54,0,0,0
758,1/10/2019,35,2.8,2.8,11130,20,0,0,0
758,2/18/2019,41,3.1,2.8,11730,16,0,0,0
758,3/23/2019,38,3,2.9,11580,11,0,0,0
758,4/25/2019,40,3.3,3.1,12120,18,0,0,0
1003,2/17/2018,61,3.6,3,17340,32,0,0,0
1003,3/21/2018,49,3.4,2.8,15000,16,0,0,0
1003,4/23/2018,50,3.3,2.6,15450,13,0,0,0
1003,5/24/2018,51,3.4,2.9,16110,30,0,0,0
1003,6/28/2018,44,3.6,2.9,15430,16,0,0,0
1003,7/5/2018,44,3.3,2.8,15690,14,0,0,0
1003,7/11/2018,43,4,2.8,15610,36,0,0,0
1003,7/18/2018,46,4.1,2.9,16150,36,0,0,15
1003,7/26/2018,41,3,2.8,15670,16,0,0,18
1003,8/1/2018,44,3.5,2.9,16000,21,0,0,18
1003,9/5/2018,50,3.8,3.2,17170,20,0,0,16
1003,12/10/2018,49,3.7,3.3,17650,14,0,0,0
1003,1/10/2019,45,3.9,3.3,17650,13,0,0,0
1003,2/18/2019,46,4.3,3.4,17650,21,0,0,0
1003,3/23/2019,38,4.3,3.4,17790,25,0,0,0
1003,4/25/2019,0,0,0,18090,0,0,0,0
643,12/31/2014,52,0,0,0,0,0,0,0
643,1/30/2015,53,0,0,0,0,0,0,0
643,3/1/2015,51,0,0,0,0,0,0,0
643,3/31/2015,47,0,0,0,0,0,0,0
643,4/30/2015,44,0,0,0,0,0,0,0
643,6/12/2015,41,4.2,3.5,12690,18,0,0,0
643,7/10/2015,34,3.9,3.3,12440,8,0,0,0
643,8/25/2015,26,4.7,4,12340,17,0,0,0
643,9/15/2015,23,4.9,4,12430,59,0,0,0
643,10/15/2015,0,0,0,12430,0,0,0,0
675,6/12/2014,41,3,3,0,21,0,0,0
675,7/10/2014,29,3.4,3,7670,28,0,0,0
675,8/25/2014,35,3.4,3.3,8910,41,0,0,0
675,9/15/2014,33,3.4,3.3,9050,29,0,0,0
675,10/15/2014,33,3.9,3.5,9200,23,0,0,0
675,11/13/2014,33,4,3.6,9340,27,0,0,0
675,12/16/2014,31,3.9,3.6,9260,25,0,0,0
675,1/13/2015,27,4.1,3.9,9010,26,0,0,0
661,1/31/2015,51,0,0,0,0,0,0,0
661,3/2/2015,52,0,0,0,0,0,0,0
661,4/1/2015,50,0,0,0,0,0,0,0
661,5/1/2015,46,0,0,0,0,0,0,0
661,6/12/2015,43,4.1,3.2,12380,22,0,0,0
661,7/10/2015,31,3.8,3.2,11500,32,0,0,0
661,8/25/2015,24,4,3.1,11270,26,0,0,0
661,9/15/2015,23,3.2,3.2,11340,14,0,0,0
661,10/15/2015,25,3.9,3.5,11620,30,0,0,0
661,11/13/2015,0,0,0,11620,0,0,0,0
560,3/31/2015,42,0,0,0,0,0,0,0
560,4/30/2015,43,0,0,0,0,0,0,0
560,6/12/2015,41,4.7,3.7,10180,29,0,0,0
560,7/10/2015,33,5.3,4,9490,28,0,0,0
560,8/25/2015,28,6.2,4.6,9510,50,0,0,0
560,9/15/2015,27,5.9,4.8,9510,55,0,0,0
560,10/15/2015,25,7.2,5.2,9490,43,0,0,0
560,11/13/2015,29,6.5,4.9,9880,38,0,0,0
560,12/16/2015,31,6.2,4.9,10100,39,0,0,0
560,1/13/2016,0,0,0,10100,0,0,0,0
685,3/31/2015,51,0,0,0,0,0,0,0
685,4/30/2015,52,0,0,0,0,0,0,0
685,6/12/2015,49,2.9,2.8,12040,31,0,0,0
685,7/10/2015,46,2.8,2.8,12220,34,0,0,0
685,8/25/2015,41,2.9,3,12550,40,0,0,0
685,9/15/2015,34,3.6,3.1,12130,40,0,0,0
685,10/15/2015,42,3.3,3.1,13030,23,0,0,0
685,11/13/2015,39,3.9,3.2,13080,48,0,0,0
685,12/16/2015,38,3.4,3.3,13260,17,0,0,0
685,1/13/2016,0,0,0,13260,0,0,0,0
510,6/12/2015,41,4.1,3.4,0,178,0,0,0
510,7/10/2015,40,3.7,3.4,9480,218,0,0,0
510,8/25/2015,30,4.5,3.7,8600,315,0,0,0
510,9/15/2015,33,4.8,3.9,9350,224,0,0,0
510,10/15/2015,34,4.6,3.9,9670,129,0,0,0
510,11/13/2015,35,5,3.8,9970,247,0,0,0
510,12/16/2015,29,4.2,3.8,9370,187,0,0,0
510,1/13/2016,0,0,0,9370,0,0,0,0
667,1/31/2015,22,0,0,0,0,0,0,0
667,3/2/2015,22,0,0,0,0,0,0,0
667,4/1/2015,22,0,0,0,0,0,0,0
667,5/1/2015,20,0,0,0,0,0,0,0
667,6/12/2015,19,0,0,5330,0,0,0,0
667,7/10/2015,51,2.9,2.6,8120,162,0,0,0
667,8/25/2015,41,3.3,2.8,8630,24,0,0,0
667,9/15/2015,46,3.4,2.8,9140,22,0,0,0
667,10/15/2015,51,3.5,2.8,9550,13,0,0,0
667,11/13/2015,48,3.6,2.8,9670,19,0,0,0
667,12/16/2015,57,3.7,2.9,9670,20,0,0,0
667,1/13/2016,41,3.7,2.9,9670,21,0,0,0
667,2/15/2016,0,0,0,9670,0,0,0,0
676,6/12/2015,53,3.3,2.7,0,26,0,0,0
676,7/10/2015,44,2.5,2.6,10560,14,0,0,0
676,8/25/2015,30,3.4,2.9,8940,38,0,0,0
676,9/15/2015,27,3.3,2.9,8620,24,0,0,0
676,10/15/2015,36,4,3.2,10080,33,0,0,0
676,11/13/2015,35,3.6,3.1,10240,37,0,0,0
676,12/16/2015,38,3.6,3.2,10780,21,0,0,0
676,1/13/2016,30,3.8,3,10140,22,0,0,0
676,2/15/2016,0,0,0,10140,0,0,0,0
670,1/31/2015,33,0,0,0,0,0,0,0
670,3/2/2015,34,0,0,0,0,0,0,0
670,4/1/2015,33,0,0,0,0,0,0,0
670,5/1/2015,30,0,0,0,0,0,0,0
670,5/31/2015,28,0,0,0,0,0,0,0
670,7/10/2015,27,3.2,3,8390,14,0,0,0
670,8/25/2015,30,3.8,3.2,8990,56,0,0,0
670,9/15/2015,29,3.9,3.1,9140,22,0,0,0
670,10/15/2015,27,3.8,3.2,9290,18,0,0,0
670,11/13/2015,31,4.1,3.3,9420,58,0,0,0
670,12/16/2015,31,4.4,3.4,9420,95,0,0,0
670,1/13/2016,30,4.1,3.4,9420,51,0,0,0
670,2/15/2016,0,0,0,9420,0,0,0,0
623,6/12/2015,64,3.2,2.8,0,38,0,0,0
623,7/10/2015,53,3,2.9,11970,20,0,0,0
623,8/25/2015,43,3.3,2.9,11830,74,0,0,0
623,9/15/2015,42,3.6,3.2,12010,60,0,0,0
623,10/15/2015,44,3.6,3.3,12620,45,0,0,0
623,11/13/2015,39,4,3.5,12350,71,0,0,0
623,12/16/2015,38,3.9,3.5,12550,57,0,0,0
623,1/13/2016,38,4,3.6,12690,82,0,0,0
623,2/15/2016,27,4.5,3.9,12140,134,0,0,0
623,3/15/2016,0,0,0,12140,0,0,0,0
609,3/4/2015,41,0,0,0,0,0,0,0
609,4/3/2015,42,0,0,0,0,0,0,0
609,5/3/2015,41,0,0,0,0,0,0,0
609,6/12/2015,38,4.5,3.5,10140,35,0,0,0
609,7/10/2015,31,2.8,3.4,9420,13,0,0,0
609,8/25/2015,30,4.2,3.6,9800,20,0,0,0
609,9/15/2015,31,4.2,3.8,10020,24,0,0,0
609,10/15/2015,33,4.5,3.9,10350,14,0,0,0
609,11/13/2015,33,4.5,3.9,10620,29,0,0,0
609,12/16/2015,31,4.5,4.1,10730,20,0,0,0
609,1/13/2016,0,0,0,10730,0,0,0,0
666,6/12/2015,60,3.4,2.9,12510,105,0,0,0
666,7/10/2015,46,2.9,2.6,10140,16,0,0,0
666,8/25/2015,37,3.4,2.7,10140,117,0,0,0
666,9/15/2015,38,3.4,2.8,10370,368,0,0,0
666,10/15/2015,21,4,3.1,8970,181,1,0,0
666,11/13/2015,46,4.4,3.2,11590,67,0,0,0
666,12/16/2015,50,4,3.3,12530,247,0,0,0
666,1/13/2016,38,3.6,3.1,12210,176,0,0,0
666,2/15/2016,50,4.2,3.5,13170,53,0,0,0
666,3/15/2016,0,0,0,13170,0,0,0,0
673,6/12/2015,56,2.2,2.9,11850,27,0,0,0
673,7/10/2015,51,2.9,2.7,10570,30,0,0,0
673,8/25/2015,43,3.4,3.1,10920,50,0,0,0
673,9/15/2015,40,3.6,3.1,10820,50,0,0,0
673,10/15/2015,42,4.2,3.2,11540,28,0,0,0
673,11/13/2015,39,4.3,3.3,11760,38,0,0,0
673,12/16/2015,42,3.9,3.3,12520,31,0,0,0
673,1/13/2016,41,4.3,3.5,12870,18,0,0,0
673,2/15/2016,44,4.7,3.7,13390,27,0,0,0
673,3/15/2016,0,0,0,13390,0,0,0,0
634,6/12/2015,53,2.9,3.1,11720,31,0,0,0
634,7/10/2015,65,3,2.4,12560,10,0,0,0
634,8/25/2015,58,3.5,2.7,12980,15,0,0,0
634,9/15/2015,51,2.9,2.7,12780,26,0,0,0
634,10/15/2015,53,3.8,2.9,13680,47,0,0,0
634,11/13/2015,52,4.3,3.2,14460,16,0,0,0
634,12/16/2015,55,4.2,3.1,15410,14,0,0,0
634,1/13/2016,56,4.1,3.1,16180,27,0,0,0
634,2/15/2016,46,4.2,3.2,16120,24,0,0,0
634,3/15/2016,52,4.4,3.2,16460,19,0,0,0
634,4/14/2016,0,0,0,16460,0,0,0,0
625,6/12/2015,51,3.2,3.2,11430,23,0,0,0
625,7/10/2015,65,2.3,2.6,12580,19,0,0,0
625,8/25/2015,54,2.6,3,12490,14,0,0,0
625,9/15/2015,53,3.5,3,12910,20,0,0,0
625,10/15/2015,50,3.6,3.2,13450,26,0,0,0
625,11/13/2015,48,3.8,3.4,13880,55,0,0,0
625,12/16/2015,53,3.4,3.3,15020,21,0,0,0
625,1/13/2016,60,3.4,3.4,16240,50,0,0,0
625,2/15/2016,55,3.7,3.4,16420,57,0,0,0
625,3/15/2016,59,3.9,3.3,16680,40,0,0,0
625,4/14/2016,0,0,0,16680,0,0,0,0
672,6/12/2015,62,2.9,2.8,0,12,0,0,0
672,7/10/2015,46,3.2,2.7,11010,13,0,0,0
672,8/25/2015,37,3.4,2.9,10490,31,0,0,0
672,9/15/2015,34,3.9,3.1,10200,10,0,0,0
672,10/15/2015,31,4.6,3.3,9990,16,0,0,0
672,11/13/2015,44,4.1,3.3,12070,112,0,0,0
672,12/16/2015,44,3.8,3.3,12260,26,0,0,0
672,1/13/2016,45,3.9,3.4,12520,25,0,0,0
672,2/15/2016,31,3.9,3.3,11860,37,0,0,0
672,3/15/2016,39,4.2,3.5,12310,29,0,0,0
672,4/14/2016,0,0,0,12310,0,0,0,0
576,7/10/2015,53,3.5,3.1,11290,98,0,0,0
576,8/25/2015,56,3.1,2.6,12290,1717,0,0,0
576,9/15/2015,53,3.3,2.7,12710,854,0,0,0
576,10/15/2015,42,3.8,3.1,12100,200,0,0,0
576,11/13/2015,44,4.3,3.1,12820,305,0,0,0
576,12/16/2015,50,3.8,3.1,14150,891,0,0,0
576,1/13/2016,49,3.6,3.3,14500,603,0,0,0
576,2/15/2016,31,3.6,3.6,13480,143,0,0,0
576,3/15/2016,38,3.9,3.2,14200,121,0,0,0
576,4/14/2016,0,0,0,14200,0,0,0,0
579,6/22/2015,156,0,0,0,0,0,0,0
579,7/22/2015,159,0,0,0,0,0,0,0
579,8/21/2015,154,0,0,0,0,0,0,0
579,8/25/2015,0,0,0,35690,0,0,0,0
579,9/15/2015,53,3.3,3.1,22550,44,0,0,0
579,10/15/2015,53,4.1,3.4,23480,42,0,0,0
579,11/13/2015,16,4.7,3.2,19750,127,1,0,0
579,12/16/2015,53,3.5,3.3,23520,56,0,0,0
579,1/13/2016,49,3.6,3.3,23530,87,0,0,0
579,2/15/2016,42,3.5,3.5,23490,112,0,0,0
579,3/15/2016,32,3.6,3.6,23360,110,0,0,0
579,4/14/2016,0,0,0,23460,0,0,0,0
664,6/12/2015,56,3,3,0,16,0,0,0
664,7/10/2015,50,3.2,2.8,11510,11,0,0,0
664,8/25/2015,52,4.1,3.2,13080,63,0,0,0
664,9/15/2015,46,3.7,3.1,12660,15,0,0,0
664,10/15/2015,46,4,3.3,13110,17,0,0,0
664,11/13/2015,46,4.2,3.1,13630,16,0,0,0
664,12/16/2015,46,4.1,3.3,13830,17,0,0,0
664,1/13/2016,53,4.3,3.6,14660,31,0,0,0
664,2/15/2016,40,5.1,3.2,14070,48,0,0,0
664,3/15/2016,55,3.7,3.5,14750,71,0,0,0
664,4/14/2016,41,4.1,3.2,14780,24,0,0,0
664,5/13/2016,0,0,0,14780,0,0,0,0
629,6/12/2015,81,3,2.6,15270,7,0,0,0
629,7/10/2015,68,3,2.4,14110,7,0,0,0
629,8/25/2015,56,2.6,2.4,14110,12,0,0,0
629,9/15/2015,61,2.6,2.4,15330,11,0,0,0
629,10/15/2015,67,3.1,2.6,16500,9,0,0,0
629,11/13/2015,71,3.4,2.7,18490,15,0,0,0
629,12/16/2015,61,3.4,2.6,18680,9,0,0,0
629,1/13/2016,69,3.3,2.8,19860,10,0,0,0
629,2/15/2016,68,3.3,3,20230,20,0,0,0
629,3/15/2016,54,3.1,3,20180,16,0,0,0
629,4/14/2016,0,0,0,20180,0,0,0,0
621,6/12/2015,34,3.7,3.1,0,59,0,0,0
621,7/10/2015,34,3.4,2.9,8430,30,0,0,0
621,8/25/2015,37,4.6,3,9480,16,0,0,0
621,9/15/2015,25,2.2,3.2,7880,18,0,0,0
621,10/15/2015,27,4.5,3.4,8180,40,0,0,0
621,11/13/2015,35,4.5,3.2,9430,38,0,0,0
621,12/16/2015,33,4.5,3.3,9350,39,0,0,0
621,1/13/2016,28,4.2,3.6,9010,52,0,0,0
621,2/15/2016,27,4,3.5,9130,163,0,0,0
621,3/15/2016,22,4.2,3.4,9110,82,0,0,0
621,4/14/2016,0,0,0,9110,0,0,0,0
686,6/12/2015,62,3.2,2.6,0,28,0,0,0
686,7/10/2015,55,3,2.5,12510,21,0,0,0
686,8/25/2015,43,3.2,2.7,11870,24,0,0,0
686,9/15/2015,44,3.8,2.6,12470,24,0,0,0
686,10/15/2015,46,3.7,2.8,13080,19,0,0,0
686,11/13/2015,52,3.6,2.9,14410,14,0,0,0
686,12/16/2015,50,3.5,3,14400,9,0,0,0
686,1/13/2016,55,3.7,3.1,15150,14,0,0,0
686,2/15/2016,57,4,3.2,15520,27,0,0,0
686,3/15/2016,32,3.9,3.3,14820,24,0,0,0
686,4/14/2016,51,4.3,3.4,15110,23,0,0,0
686,5/13/2016,38,4.8,3.7,15110,51,0,0,0
686,6/17/2016,0,0,0,15110,0,0,0,0
665,6/12/2015,49,3.4,2.9,0,23,0,0,0
665,7/10/2015,40,3.5,2.8,9620,13,0,0,0
665,8/25/2015,37,3.8,3.2,10030,64,0,0,0
665,9/15/2015,34,4,3.2,9740,57,0,0,0
665,10/15/2015,38,5,3.4,10670,5,0,0,0
665,11/13/2015,43,4.6,3.3,11640,11,0,0,0
665,12/16/2015,50,5.4,3.4,12610,24,0,0,0
665,1/13/2016,49,4.5,3.4,12810,123,0,0,0
665,2/15/2016,46,4.7,3.5,12870,46,0,0,0
665,3/15/2016,45,4.4,3.3,13020,113,0,0,0
665,4/14/2016,0,0,0,13020,0,0,0,0
632,4/8/2015,66,0,0,0,0,0,0,0
632,5/8/2015,67,0,0,0,0,0,0,0
632,6/12/2015,64,2.9,3,15150,44,0,0,0
632,7/10/2015,50,2.3,2.7,14070,118,0,0,0
632,8/25/2015,47,3.6,2.9,14940,121,0,0,0
632,9/15/2015,48,3.5,3,15360,2868,0,0,0
632,10/15/2015,42,3.3,3.3,15110,236,0,0,0
632,11/13/2015,50,3.8,3.3,15920,67,0,0,0
632,12/16/2015,53,3.7,3.4,16280,186,0,0,0
632,1/13/2016,55,3.7,3.4,16410,89,0,0,0
632,2/15/2016,33,5,3.6,16410,104,0,0,0
632,3/15/2016,41,3.8,3.7,16410,60,0,0,0
632,4/14/2016,27,4.1,3.9,16410,103,0,0,0
632,5/13/2016,0,0,0,16410,0,0,0,0
565,4/7/2015,67,0,0,0,0,0,0,0
565,5/7/2015,69,0,0,0,0,0,0,0
565,6/12/2015,66,3.8,3.1,15520,197,0,0,0
565,7/10/2015,53,3.7,3.2,14840,116,0,0,0
565,8/25/2015,43,3.4,3.2,14740,139,0,0,0
565,9/15/2015,50,3.9,3.3,15640,175,0,0,0
565,10/15/2015,50,3.6,3.5,16070,159,0,0,0
565,11/13/2015,54,4.1,3.7,16610,202,0,0,0
565,12/16/2015,50,3.8,3.5,16730,314,0,0,0
565,1/13/2016,55,4.1,3.6,16880,121,0,0,0
565,2/15/2016,38,4,3.8,16880,105,0,0,0
565,3/15/2016,48,4.2,3.5,16880,193,0,0,0
565,4/14/2016,41,4.1,3.7,16880,266,0,0,0
565,5/13/2016,0,0,0,16880,0,0,0,0
602,8/25/2015,52,3.3,3.9,11630,1734,0,0,0
602,9/15/2015,55,2.3,2.6,12340,1530,0,0,0
602,10/15/2015,0,0,0,12340,0,1,0,0
602,11/13/2015,50,2.7,2.8,12270,1289,0,0,0
602,12/16/2015,40,3.2,2.9,11210,949,0,0,0
602,1/13/2016,53,3,3,13330,1640,0,0,0
602,2/15/2016,48,3.5,3,13470,1076,0,0,0
602,3/15/2016,50,3,3.1,14010,2468,0,0,0
602,4/14/2016,38,3.4,3.1,13660,2446,0,0,0
602,5/13/2016,27,3.7,3.1,13840,3094,0,0,0
602,6/17/2016,0,0,0,14520,0,0,0,0
585,6/12/2015,66,3.7,2.7,0,143,0,0,0
585,7/10/2015,63,3.2,2.7,13790,127,0,0,0
585,8/25/2015,56,3.5,2.9,14550,189,0,0,0
585,9/15/2015,51,3.4,3.1,14380,112,0,0,0
585,10/15/2015,53,3.9,3.2,15050,124,0,0,0
585,11/13/2015,58,3.9,3.2,16420,66,0,0,0
585,12/16/2015,57,3.9,3.3,16680,47,0,0,0
585,1/13/2016,38,4.1,3.5,15200,60,0,0,0
585,2/15/2016,57,4,3.4,16610,91,0,0,0
585,3/15/2016,54,4.1,3.6,16690,117,0,0,0
585,4/14/2016,51,4.7,3.8,16810,51,0,0,0
585,5/13/2016,32,4.9,4.3,16810,97,0,0,0
585,6/17/2016,0,0,0,16810,0,0,0,0
636,6/12/2015,68,2.7,2.7,0,12,0,0,0
636,7/10/2015,57,3.2,2.7,12920,13,0,0,0
636,8/25/2015,52,3.3,2.8,13610,20,0,0,0
636,9/15/2015,51,3.2,2.9,14060,30,0,0,0
636,10/15/2015,31,4.4,3,11460,14,1,0,0
636,11/13/2015,41,4.8,2.9,13060,14,0,0,0
636,12/16/2015,61,3.5,3,15610,16,0,0,0
636,1/13/2016,62,3.6,3.1,16010,41,0,0,0
636,2/15/2016,68,3.5,3.2,16730,30,0,0,0
636,3/15/2016,68,3.6,3.4,16920,20,0,0,0
636,4/14/2016,55,4.3,3.5,16950,53,0,0,0
636,5/13/2016,45,4.3,3.6,16950,29,0,0,0
636,6/17/2016,36,4,3.9,16950,27,0,0,0
636,7/14/2016,0,0,0,16950,0,0,0,0
663,3/16/2015,52,0,0,0,0,0,0,0
663,4/15/2015,53,0,0,0,0,0,0,0
663,6/12/2015,49,2.4,2.9,12530,17,0,0,0
663,7/10/2015,48,3.2,2.8,12730,22,0,0,0
663,8/25/2015,37,3.2,3.1,12410,36,0,0,0
663,9/15/2015,27,2,3.2,11670,66,0,0,0
663,10/15/2015,44,3.9,3.4,13170,47,0,0,0
663,11/13/2015,43,3.7,3.3,13400,42,0,0,0
663,12/16/2015,42,3.7,3.5,13600,23,0,0,0
663,1/13/2016,43,3.8,3.5,13600,35,0,0,0
663,2/15/2016,44,4.2,3.5,13600,58,0,0,0
663,3/15/2016,32,3,3.5,13600,30,0,0,0
663,4/14/2016,30,4,3.9,13600,1471,0,0,0
663,5/13/2016,0,0,0,13600,0,0,0,0
544,8/25/2015,73,3.2,2.5,15350,9,0,0,0
544,9/15/2015,68,3.1,2.6,15470,28,0,0,0
544,10/15/2015,68,3.7,2.8,17070,17,0,0,0
544,11/13/2015,64,4,2.9,17980,22,0,0,0
544,12/16/2015,65,3.2,2.9,19320,29,0,0,0
544,1/13/2016,64,3.5,3,19950,32,0,0,0
544,2/15/2016,65,3.9,3.2,20840,52,0,0,0
544,3/15/2016,59,3.8,3.1,20930,61,0,0,0
544,4/14/2016,58,4.2,3.3,21260,93,0,0,0
544,5/13/2016,47,4.8,3.2,21310,106,0,0,0
544,6/17/2016,19,4.3,3.7,21310,175,0,0,0
544,7/14/2016,0,0,0,21310,0,0,0,0
656,6/12/2015,45,3.6,3.3,0,90,0,0,0
656,7/10/2015,38,3.4,3.2,9240,107,0,0,0
656,8/25/2015,39,3.6,3.5,10110,124,0,0,0
656,9/15/2015,34,3.3,3.6,9630,59,0,0,0
656,10/15/2015,33,4.3,3.8,9800,80,0,0,0
656,11/13/2015,35,4.4,3.9,10270,192,0,0,0
656,12/16/2015,34,4.2,4,10310,160,0,0,0
656,1/13/2016,36,4.4,4,10640,66,0,0,0
656,2/15/2016,33,4.3,4.1,10620,76,0,0,0
656,3/15/2016,29,4.4,4,10620,55,0,0,0
656,4/14/2016,23,5,4.5,10730,145,0,0,0
656,5/13/2016,10,4.8,4.4,10730,157,0,0,0
656,6/17/2016,0,0,0,10730,0,0,0,0
607,6/12/2015,71,4.1,3.8,0,2335,0,0,0
607,7/10/2015,84,3.7,2.9,16080,73,0,0,0
607,8/25/2015,69,3.2,2.9,15800,157,0,0,0
607,9/15/2015,53,2.3,2.9,14780,48,0,0,0
607,10/15/2015,46,3.9,3.1,14680,38,0,0,0
607,11/13/2015,62,5.3,3.2,17330,72,0,0,0
607,12/16/2015,57,3.7,3.2,17520,54,0,0,0
607,1/13/2016,64,3.7,3.4,18610,88,0,0,0
607,2/15/2016,68,4,3.5,19430,112,0,0,0
607,3/15/2016,66,4.2,3.4,19640,965,0,0,0
607,4/14/2016,45,5.1,3.1,19630,209,0,0,0
607,5/13/2016,47,4.5,3.3,19630,69,0,0,0
607,6/17/2016,41,4.2,3.5,19630,168,0,0,0
607,7/14/2016,0,0,0,19630,0,0,0,0
135,6/12/2015,69,3.4,2.9,0,115,0,0,0
135,7/10/2015,63,3.2,2.7,13840,50,0,0,0
135,8/25/2015,41,3.3,2.9,11800,106,0,0,0
135,9/15/2015,57,3.7,3,14780,129,0,0,0
135,10/15/2015,51,3.8,3.3,14530,54,0,0,0
135,11/13/2015,50,3.7,3.2,14940,53,0,0,0
135,12/16/2015,51,3.6,3.3,15280,88,0,0,0
135,1/13/2016,49,3.6,3.3,15380,128,0,0,0
135,2/15/2016,46,3.5,3.4,15440,163,0,0,0
135,3/15/2016,47,3.4,3.3,15630,91,0,0,0
135,4/14/2016,38,3,3.5,15700,154,0,0,0
135,5/13/2016,32,4.4,3.5,15700,836,0,0,0
135,6/17/2016,19,4.3,3.7,15700,630,0,0,0
135,7/14/2016,0,0,0,15700,0,0,0,0
645,10/15/2015,67,3.8,2.8,14430,11,0,0,0
645,11/13/2015,62,3.8,2.8,14290,1069,0,0,0
645,12/16/2015,59,3.3,2.9,14980,435,0,0,0
645,1/13/2016,58,3.6,3.1,15490,1646,0,0,0
645,2/15/2016,68,3.6,3.3,17620,1121,0,0,0
645,3/15/2016,16,4.3,3.2,12120,261,0,0,0
645,4/14/2016,45,4,3.4,15030,899,0,0,0
645,5/13/2016,49,3.7,3.4,15850,550,0,0,0
645,6/17/2016,49,3.5,3.3,16440,1075,0,0,0
645,7/14/2016,37,4.2,3.3,16430,1538,0,0,0
645,8/11/2016,34,3.7,3.5,16490,857,0,0,0
645,9/14/2016,0,0,0,16490,0,0,0,0
691,2/15/2016,72,3.3,2.7,15820,41,0,0,0
691,3/15/2016,64,3.1,2.7,15080,21,0,0,0
691,4/14/2016,60,3.1,2.8,15150,14,0,0,0
691,5/13/2016,53,3.5,2.8,14810,16,0,0,0
691,6/17/2016,53,3.1,3,15270,15,0,0,0
691,7/14/2016,41,3.5,2.9,14510,47,0,0,0
691,8/11/2016,46,3.2,3,15270,29,0,0,0
691,9/14/2016,43,3.7,3.4,15480,25,0,0,0
691,10/14/2016,0,0,0,15480,0,0,0,0
684,12/16/2015,67,3.3,2.5,18920,12,0,0,0
684,1/13/2016,71,3.2,2.7,20470,247,0,0,0
684,2/15/2016,57,3.4,2.8,18830,106,0,0,0
684,3/15/2016,64,3.4,2.9,20750,8,0,0,0
684,4/14/2016,62,3.7,2.9,21020,16,0,0,0
684,5/13/2016,58,3.7,3.1,20920,31,0,0,0
684,6/17/2016,49,3.7,3.1,20440,13,0,0,0
684,7/14/2016,41,4.1,3,20060,22,0,0,0
684,8/11/2016,40,3.7,3.4,20330,13,0,0,0
684,9/14/2016,36,4,3.5,20560,162,0,0,0
684,10/14/2016,0,0,0,20560,0,0,0,0
616,6/12/2015,56,3.2,3.1,0,33,0,0,0
616,7/10/2015,50,3.2,3,11510,29,0,0,0
616,8/25/2015,45,3.4,3.3,11840,51,0,0,0
616,9/15/2015,44,3.6,3.2,12250,59,0,0,0
616,10/15/2015,44,3.8,3.4,12490,29,0,0,0
616,11/13/2015,44,4.9,3.3,13020,12,0,0,0
616,12/16/2015,46,4.4,3.5,13460,56,0,0,0
616,1/13/2016,49,3.8,3.6,13910,52,0,0,0
616,2/15/2016,44,4.2,3.5,13820,66,0,0,0
616,3/15/2016,45,3.7,3.5,14020,99,0,0,0
616,4/14/2016,40,4.5,3.4,14120,106,0,0,0
616,5/13/2016,36,4.1,3.4,14120,131,0,0,0
616,6/17/2016,41,3.9,3.4,14120,69,0,0,0
616,7/14/2016,31,4.1,3.4,14120,96,0,0,0
616,8/11/2016,22,3.9,3.9,14120,107,0,0,0
616,9/14/2016,0,0,0,14120,0,0,0,0
595,12/1/2014,59,0,0,0,0,0,0,0
595,12/31/2014,60,0,0,0,0,0,0,0
595,1/30/2015,58,0,0,0,0,0,0,0
595,3/1/2015,54,0,0,0,0,0,0,0
595,3/31/2015,50,0,0,0,0,0,0,0
595,4/30/2015,48,0,0,0,0,0,0,0
595,6/12/2015,45,4.5,3.6,14690,16,0,0,0
595,7/10/2015,31,4.4,3.9,14020,13,0,0,0
595,8/25/2015,13,5.4,4.9,13880,136,0,0,0
595,9/15/2015,0,0,0,13880,0,0,0,0
687,1/13/2016,45,3.7,2.7,13920,480,0,0,0
687,2/15/2016,61,2.5,2.8,16750,559,0,0,0
687,3/15/2016,57,2.6,2.9,16720,354,0,0,0
687,4/14/2016,51,3.2,3,16210,361,0,0,0
687,5/13/2016,49,3.2,3,16460,278,0,0,0
687,6/17/2016,43,2.7,3.2,16260,434,0,0,0
687,7/14/2016,39,3.4,2.9,16280,762,0,0,0
687,8/11/2016,39,3.2,3.1,16550,528,0,0,0
687,9/14/2016,36,3.6,3.6,16780,187,0,0,0
687,10/14/2016,31,3.6,3.5,16880,107,0,0,0
687,11/15/2016,0,0,0,16880,0,0,0,0
675,2/15/2016,57,3.4,3.9,14540,47,0,0,0
675,3/15/2016,57,1.7,3.1,14100,10,0,0,0
675,4/14/2016,58,3.3,3.1,14110,16,0,0,0
675,5/13/2016,53,3.8,3.3,14190,18,0,0,0
675,6/17/2016,49,3.2,3.2,14150,17,0,0,0
675,7/14/2016,40,3.4,3,13350,73,0,0,0
675,8/11/2016,44,2.8,3.1,14200,38,0,0,0
675,9/14/2016,40,3.4,3.4,14470,23,0,0,0
675,10/14/2016,37,3.6,3.6,14800,27,0,0,0
675,11/15/2016,42,3.4,3.5,15440,50,0,0,0
675,12/19/2016,43,3,3.6,15570,31,0,0,0
685,4/14/2016,66,2.9,2.4,14050,11,0,0,0
685,5/13/2016,64,2.3,2.5,13960,15,0,0,0
685,6/17/2016,62,2.2,2.8,14550,15,0,0,0
685,7/14/2016,52,3,2.6,14290,25,0,0,0
685,8/11/2016,56,2.4,2.7,15110,19,0,0,0
685,9/14/2016,55,2.8,3,15990,23,0,0,0
685,10/14/2016,48,3.4,3.3,16070,15,0,0,0
685,11/15/2016,47,3.4,3.1,16550,13,0,0,0
685,12/19/2016,49,3.6,3.3,17030,22,0,0,0
685,1/20/2017,0,0,0,17030,0,0,0,0
642,8/25/2015,58,3.8,2.7,12730,8,0,0,0
642,9/15/2015,53,4.1,2.8,12660,13,0,0,0
642,10/15/2015,51,4.3,3.1,13270,8,0,0,0
642,11/13/2015,52,4.1,3,14430,114,0,0,0
642,12/16/2015,53,4,3.1,15470,13,0,0,0
642,1/13/2016,58,4.2,3.1,16590,14,0,0,0
642,2/15/2016,34,4.5,3.4,14780,32,0,0,0
642,3/15/2016,41,4.1,3.2,15660,29,0,0,0
642,4/14/2016,51,4.9,3.3,16470,16,0,0,0
642,5/13/2016,45,4.7,3.5,16590,31,0,0,0
642,6/17/2016,45,4.2,3.2,16590,32,0,0,0
642,9/14/2016,32,4.8,3.7,16590,38,0,0,0
642,10/14/2016,32,5.6,4.1,16590,41,0,0,0
642,11/15/2016,31,5.5,4,16590,47,0,0,0
642,12/19/2016,21,5,4.2,16590,81,0,0,0
642,1/20/2017,0,0,0,16590,0,0,0,0
570,6/12/2015,75,4.4,2.7,14430,134,0,0,0
570,7/10/2015,85,3.5,2.6,16820,7,0,0,0
570,8/25/2015,54,4.2,3,14670,10,0,0,0
570,9/15/2015,50,3.6,2.9,14710,25,0,0,0
570,10/15/2015,53,3.6,3.2,15810,16,0,0,0
570,11/13/2015,52,3.5,3.3,16370,29,0,0,0
570,12/16/2015,50,2.9,3.2,16980,31,0,0,0
570,1/13/2016,56,3.4,3.3,17830,80,0,0,0
570,2/15/2016,57,2.7,3.4,18120,924,0,0,0
570,3/15/2016,62,3.8,3.3,18240,656,0,0,0
570,4/14/2016,58,4.8,3.3,18240,69,0,0,0
570,8/11/2016,44,4.7,3.5,18240,100,0,0,0
570,9/14/2016,39,5,3.8,18240,230,0,0,0
570,10/14/2016,33,4.4,4.1,18240,115,0,0,0
570,11/15/2016,20,4.2,4,18240,141,0,0,0
570,12/19/2016,0,0,0,18240,0,0,0,0
670,4/14/2016,49,3.3,3.5,12340,39,0,0,0
670,5/13/2016,60,4.6,2.6,13000,32,0,0,0
670,6/17/2016,53,3.3,2.9,12430,18,0,0,0
670,7/14/2016,46,5.5,2.8,11990,43,0,0,0
670,8/11/2016,43,2.9,2.9,12190,18,0,0,0
670,9/14/2016,44,4.1,3.2,12600,35,0,0,0
670,10/14/2016,38,3.5,3.2,12470,29,0,0,0
670,11/15/2016,44,4.2,3.2,13490,19,0,0,0
670,12/19/2016,41,3.7,3.2,13830,230,0,0,0
670,1/20/2017,0,0,0,13830,0,0,0,0
682,11/13/2015,58,3.1,2.7,16880,32,0,0,0
682,12/16/2015,46,3.3,2.6,15010,22,0,0,0
682,1/13/2016,60,3,2.7,18170,13,0,0,0
682,2/15/2016,59,3.3,2.8,18980,22,0,0,0
682,3/15/2016,59,3.4,2.8,19420,20,0,0,0
682,4/14/2016,56,3.7,2.9,19670,20,0,0,0
682,5/13/2016,53,3.9,3.1,19580,40,0,0,0
682,6/17/2016,53,3.7,3.1,20120,31,0,0,0
682,7/14/2016,42,3.9,2.9,19720,78,0,0,0
682,8/11/2016,42,3.6,3,20080,29,0,0,0
682,9/14/2016,39,4.2,3.3,20220,29,0,0,0
682,10/14/2016,34,4.7,3.4,20220,23,0,0,0
682,11/15/2016,42,4.3,3.3,20220,17,0,0,0
682,12/19/2016,43,4.2,3.2,20220,15,0,0,0
682,1/20/2017,0,0,0,20220,0,0,0,0
611,9/15/2015,70,2.9,3,14490,1097,0,0,0
611,10/15/2015,57,2.7,2.7,12930,29,0,0,0
611,11/13/2015,67,3.3,2.8,15340,34,0,0,0
611,12/16/2015,65,3.5,2.7,16250,69,0,0,0
611,1/13/2016,30,3.1,2.6,12180,165,0,0,0
611,2/15/2016,29,3,2.8,12140,62,0,0,0
611,3/15/2016,50,2.7,2.9,14380,145,0,0,0
611,4/14/2016,45,3,3,14480,116,0,0,0
611,5/13/2016,53,3.8,3,15460,100,0,0,0
611,6/17/2016,53,2.5,3.2,15970,167,0,0,0
611,7/14/2016,41,5.6,2.9,16000,252,0,0,0
611,8/11/2016,44,3.5,3.2,16000,115,0,0,0
611,9/14/2016,39,3.5,3.2,16000,141,1,0,0
611,10/14/2016,32,5.4,3.7,16000,174,0,0,0
611,11/15/2016,20,4,4.3,16000,373,0,0,0
611,12/19/2016,0,0,0,16000,0,0,0,0
681,1/13/2016,60,3,2.8,16660,49,0,0,0
681,2/15/2016,65,3.2,2.8,18370,56,0,0,0
681,3/15/2016,55,3.5,2.9,17170,52,0,0,0
681,4/14/2016,58,3.7,3.1,18200,42,0,0,0
681,5/13/2016,53,4.3,3.1,18050,44,0,0,0
681,6/17/2016,45,3.7,3,17630,39,0,0,0
681,7/14/2016,35,4.2,3,16770,80,0,0,0
681,8/11/2016,39,3.8,3.2,17490,35,0,0,0
681,9/14/2016,33,4.7,3.5,17520,50,0,0,0
681,10/14/2016,33,5.2,3.7,17770,15,0,0,0
681,11/15/2016,36,4.8,3.6,17880,19,0,0,0
681,12/19/2016,41,4.8,3.8,17880,141,0,0,0
681,1/20/2017,0,0,0,17880,0,0,0,0
580,12/16/2015,65,3.5,3.7,0,196,0,0,0
580,1/13/2016,88,3.3,2.4,16640,756,0,0,0
580,2/15/2016,80,3.4,2.5,16710,149,0,0,0
580,3/15/2016,68,3.1,2.7,16370,2971,0,0,0
580,4/14/2016,68,3.8,2.7,17040,4088,0,0,0
580,5/13/2016,55,3.3,2.8,15910,736,0,0,0
580,6/17/2016,51,3.6,2.7,16700,2180,0,0,0
580,7/14/2016,45,4,2.6,16780,3772,0,0,0
580,8/11/2016,46,3.3,2.6,17370,5199,0,0,0
580,9/14/2016,44,4.1,3,17740,1970,0,0,0
580,10/14/2016,40,4.1,3,17450,566,1,0,0
580,11/15/2016,31,3.7,3.3,17870,100,0,0,0
580,12/19/2016,14,3.9,3.7,17870,429,0,0,0
580,1/20/2017,0,0,0,17870,0,0,0,0
595,12/16/2015,72,3.4,2.9,14620,8,0,0,0
595,1/13/2016,58,4.1,2.9,12840,9,0,0,0
595,2/15/2016,76,3.7,3.2,16060,16,0,0,0
595,3/15/2016,71,4.1,3.2,16510,16,0,0,0
595,4/14/2016,66,4.2,3.2,16730,18,0,0,0
595,5/13/2016,62,4,3.2,16890,27,0,0,0
595,6/17/2016,60,4,3.1,17220,4,0,0,0
595,7/14/2016,44,4.2,2.9,16590,29,0,0,0
595,8/11/2016,51,3.7,3,17340,13,0,0,0
595,9/14/2016,46,4.3,3.4,17600,23,0,0,0
595,10/14/2016,43,4.7,3.7,17680,13,0,0,0
595,11/15/2016,33,4.9,3.9,17680,18,0,0,0
595,12/19/2016,30,4.8,4.1,17680,985,0,0,0
595,1/20/2017,0,0,0,17680,0,0,0,0
677,2/15/2016,50,3.2,2.8,12530,29,0,0,0
677,3/15/2016,25,3.9,2.6,7920,1182,0,0,0
677,4/14/2016,34,3.6,2.8,8800,21,0,0,0
677,5/13/2016,43,3.5,2.9,10350,25,0,0,0
677,6/17/2016,45,3.7,3,10890,64,0,0,0
677,7/14/2016,36,3.6,2.9,10060,23,0,0,0
677,8/11/2016,36,3.4,3,10430,13,0,0,0
677,9/14/2016,36,3.9,3.1,10770,17,0,0,0
677,10/14/2016,34,4.2,3,10870,19,0,0,0
677,11/15/2016,31,4.1,3.1,11060,13,0,0,0
677,12/19/2016,41,4.2,3.3,11240,18,0,0,0
677,1/20/2017,0,0,0,11240,0,0,0,0
591,11/13/2015,71,3.3,2.9,14340,29,0,0,0
591,12/16/2015,76,2.7,2.7,15720,31,0,0,0
591,1/13/2016,79,2.9,2.7,17380,52,0,0,0
591,2/15/2016,76,2.9,2.7,18180,52,0,0,0
591,3/15/2016,70,2.9,2.7,18300,167,0,0,0
591,4/14/2016,60,3.1,2.8,17970,55,0,0,0
591,5/13/2016,60,3.3,2.7,18430,211,0,0,0
591,6/17/2016,53,3.2,2.8,18650,242,0,0,0
591,7/14/2016,40,3.7,2.6,18400,251,0,0,0
591,8/11/2016,49,2.7,2.7,18950,264,0,0,0
591,9/14/2016,43,3.5,3.2,19030,325,0,0,0
591,10/14/2016,40,3.5,3.2,19030,283,0,0,0
591,11/15/2016,38,3,3.2,19030,71,0,0,0
591,12/19/2016,38,3.1,3.3,19030,107,0,0,0
591,1/20/2017,17,3.6,3.4,19030,254,0,0,0
591,2/28/2017,0,0,0,19030,0,0,0,0
666,5/13/2016,56,4,4.1,0,124,0,0,0
666,6/17/2016,62,4.3,2.9,13980,82,0,0,0
666,7/14/2016,47,4.1,2.6,12350,153,0,0,0
666,8/11/2016,44,3.3,2.8,12290,107,0,0,0
666,9/14/2016,47,3.9,3.2,13170,66,0,0,0
666,10/14/2016,42,4.2,3.3,13090,115,0,0,0
666,11/15/2016,53,4.5,3.2,14730,132,0,0,0
666,12/19/2016,53,4.2,3.4,15560,47,0,0,0
666,1/20/2017,49,4.6,3.3,15820,76,0,0,0
666,2/28/2017,38,4.7,3.7,15800,94,0,0,0
666,3/14/2017,0,0,0,15800,0,0,0,0
693,1/13/2016,53,3.3,3.8,0,72,0,0,0
693,2/15/2016,67,2.7,2.6,18480,26,0,0,0
693,3/15/2016,68,2.9,2.7,19440,53,0,0,0
693,4/14/2016,64,2.9,2.8,19550,49,0,0,0
693,5/13/2016,56,3.3,2.6,18940,53,0,0,0
693,6/17/2016,56,3,2.8,19710,43,0,0,0
693,7/14/2016,44,3.1,2.7,18680,77,0,0,0
693,8/11/2016,45,2.9,2.8,19240,33,0,0,0
693,9/14/2016,43,3.2,3.1,19580,50,0,0,0
693,10/14/2016,46,3.4,3.1,20040,22,0,0,0
693,11/15/2016,49,3.6,3.1,20240,18,0,0,0
693,12/19/2016,55,3.3,3.2,20240,29,0,0,0
693,1/20/2017,43,3.6,3.1,20240,38,0,0,0
693,2/28/2017,0,0,0,20240,0,0,0,0
692,1/13/2016,45,4.2,3.3,14260,815,0,0,0
692,2/15/2016,57,3.4,2.8,16100,1958,0,0,0
692,3/15/2016,55,3.3,2.8,16030,1261,0,0,0
692,4/14/2016,49,3.3,2.8,15740,722,0,0,0
692,5/13/2016,45,3.4,2.9,15460,1019,0,0,0
692,6/17/2016,49,3.2,3,16500,969,0,0,0
692,7/14/2016,45,3.7,2.8,16580,1187,0,0,0
692,8/11/2016,48,3,3.1,17360,1493,0,0,0
692,9/14/2016,46,3.3,3.2,17710,2263,0,0,0
692,10/14/2016,41,3.3,3.2,16100,919,1,0,0
692,11/15/2016,42,3.6,3.2,17980,303,0,0,0
692,12/19/2016,40,3.5,3.4,17980,141,0,0,0
692,1/20/2017,40,3.7,3.3,17980,396,0,0,0
692,2/28/2017,0,0,0,17980,0,0,0,0
589,6/12/2015,73,3.7,2.9,0,15,0,0,0
589,7/10/2015,65,3.6,2.8,14210,16,0,0,0
589,8/25/2015,50,5,2.9,13500,18,0,0,0
589,9/15/2015,50,2.9,3,14160,10,0,0,0
589,10/15/2015,57,4.2,3.1,15760,11,0,0,0
589,11/13/2015,56,5.7,3.2,16200,21,0,0,0
589,12/16/2015,61,3.9,3.4,17100,15,0,0,0
589,1/13/2016,60,3.8,3.4,17330,14,0,0,0
589,2/15/2016,42,3.1,3.3,16480,125,0,0,0
589,3/15/2016,57,4.1,3.4,17180,125,0,0,0
589,4/14/2016,53,3.6,3.5,17280,61,0,0,0
589,10/14/2016,36,4,3.6,17280,38,0,0,0
589,11/15/2016,40,4.1,3.7,17280,38,0,0,0
589,12/19/2016,40,4,4,17280,87,0,0,0
589,1/20/2017,40,4.2,3.7,17280,145,0,0,0
589,2/28/2017,0,0,0,17280,0,0,0,0
673,5/13/2016,84,4.3,3.2,18010,78,0,0,0
673,6/17/2016,68,3.2,2.8,16150,15,0,0,0
673,7/14/2016,40,2.8,2.7,13210,23,0,0,0
673,8/11/2016,47,4,2.9,14270,27,0,0,0
673,9/14/2016,45,3.9,3.3,14590,230,0,0,0
673,10/14/2016,45,4.3,3.3,15020,50,0,0,0
673,11/15/2016,44,4,3.3,15460,20,0,0,0
673,12/19/2016,51,3.8,3.3,16860,20,0,0,0
673,1/20/2017,47,4.3,3.4,17080,23,0,0,0
673,2/28/2017,0,0,0,17080,0,0,0,0
704,4/14/2016,53,2.8,2.6,15730,27,0,0,0
704,5/13/2016,56,2.8,2.4,15270,17,0,0,0
704,6/17/2016,55,3.1,2.6,15770,9,0,0,0
704,7/14/2016,43,3.5,2.4,14710,48,0,0,0
704,8/11/2016,41,3.1,2.5,14700,27,0,0,0
704,9/14/2016,44,3.5,2.6,15570,33,0,0,0
704,10/14/2016,40,3.8,2.9,15730,13,0,0,0
704,11/15/2016,49,3.8,2.9,17370,33,0,0,0
704,12/19/2016,49,3.6,2.8,17930,23,0,0,0
704,1/20/2017,32,3.9,2.7,17680,15,0,0,0
704,2/28/2017,0,0,0,17680,0,0,0,0
676,4/14/2016,75,2.6,2.5,16300,17,0,0,0
676,5/13/2016,68,3.1,2.5,15450,19,0,0,0
676,6/17/2016,64,2.5,2.8,16130,14,0,0,0
676,7/14/2016,50,2.9,2.6,15160,24,0,0,0
676,8/11/2016,53,3.2,2.7,16210,20,0,0,0
676,9/14/2016,46,3.7,3,16130,19,0,0,0
676,10/14/2016,45,3.5,3.2,16650,13,0,0,0
676,11/15/2016,51,4,3.3,17730,13,0,0,0
676,12/19/2016,53,3.2,3.3,18240,13,0,0,0
676,1/20/2017,40,3.3,3,18230,20,0,0,0
676,2/28/2017,53,4.2,3.2,18230,10,0,0,0
676,3/14/2017,49,3.7,3.4,18230,8,0,0,0
676,4/14/2017,51,4.2,3.4,18230,15,0,0,0
510,3/15/2016,80,4,3,17070,199,0,0,0
510,4/14/2016,60,4.1,2.9,14730,420,0,0,0
510,5/13/2016,60,4.2,3.1,15070,461,0,0,0
510,6/17/2016,53,3.6,3.2,14910,196,0,0,0
510,7/14/2016,50,4.2,2.8,15010,555,0,0,0
510,8/11/2016,50,4,2.9,15480,348,0,0,0
510,9/14/2016,50,4.2,3.3,16170,214,0,0,0
510,10/14/2016,46,4.5,3.6,16590,214,0,0,0
510,11/15/2016,49,4.4,3.5,17230,115,0,0,0
510,12/19/2016,49,4.2,3.5,17550,3200,0,0,0
510,1/20/2017,41,4.2,3.4,17600,151,0,0,0
510,2/28/2017,38,4.6,3.5,17600,217,0,0,0
510,3/14/2017,0,0,0,17600,0,0,0,0
609,5/13/2016,64,5.1,3.7,14090,24,0,0,0
609,6/17/2016,75,3.1,2.8,14990,14,0,0,0
609,7/14/2016,59,3.3,2.6,13920,22,0,0,0
609,8/11/2016,60,2.8,2.7,14480,15,0,0,0
609,9/14/2016,53,2.8,2.7,9110,0,1,0,0
609,10/14/2016,51,4.1,3.2,15050,13,0,0,0
609,11/15/2016,49,4.6,3.1,15510,13,0,0,0
609,12/19/2016,53,4.2,3.4,16530,15,0,0,0
609,1/20/2017,49,3.9,3.3,16810,8,0,0,0
609,2/28/2017,38,4.6,3.8,16820,36,0,0,0
609,3/14/2017,0,0,0,16820,0,0,0,0
688,1/13/2016,53,2.5,3.1,15490,43,0,0,0
688,2/15/2016,57,2.6,3,16370,40,0,0,0
688,3/15/2016,57,2.7,3,16900,25,0,0,0
688,4/14/2016,55,2.9,3,17180,31,0,0,0
688,5/13/2016,49,2.8,3.2,16780,62,0,0,0
688,6/17/2016,38,2.8,3.2,15860,66,0,0,0
688,7/14/2016,35,3.2,3.1,15850,143,0,0,0
688,8/11/2016,34,2.8,3.2,16120,57,0,0,0
688,9/14/2016,33,3.2,3.5,16400,66,0,0,0
688,10/14/2016,37,3.3,3.5,16760,29,0,0,0
688,11/15/2016,42,3.2,3.4,16850,29,0,0,0
688,12/19/2016,53,3.2,3.4,16850,29,0,0,0
688,1/20/2017,40,3.3,3.3,16850,32,0,0,0
688,2/28/2017,40,2.9,3.4,16850,28,0,0,0
688,3/14/2017,0,0,0,16850,0,0,0,0
664,7/14/2016,58,4.5,2.9,13880,40,0,0,0
664,8/11/2016,63,3.1,2.8,14170,13,0,0,0
664,9/14/2016,57,3.5,3.1,14750,13,0,0,0
664,10/14/2016,47,3.3,3.2,14080,35,0,0,0
664,11/15/2016,61,3.6,3.3,16610,41,0,0,0
664,12/19/2016,58,3.9,3.3,17130,35,0,0,0
664,1/20/2017,60,3.8,3.1,17680,166,0,0,0
664,2/28/2017,55,3.7,3.1,18040,50,0,0,0
664,3/14/2017,48,3.8,3.2,17850,39,0,0,0
664,4/14/2017,0,0,0,17850,0,0,0,0
634,6/17/2016,60,3.6,3.4,13710,2,0,0,0
634,7/14/2016,63,3.9,2.6,13940,37,0,0,0
634,8/11/2016,61,2.6,2.5,14040,29,0,0,0
634,9/14/2016,60,3.9,2.9,15180,17,0,0,0
634,10/14/2016,53,4.2,3,15080,13,0,0,0
634,11/15/2016,54,4,3,15910,13,0,0,0
634,12/19/2016,55,3.8,2.9,16660,29,0,0,0
634,1/20/2017,51,3.9,3,16840,19,0,0,0
634,2/28/2017,45,4.9,3.1,16980,15,0,0,0
634,3/14/2017,0,0,0,16980,0,0,0,0
580,12/31/2014,35,0,0,0,0,0,0,0
580,1/30/2015,36,0,0,0,0,0,0,0
580,3/1/2015,34,0,0,0,0,0,0,0
580,3/31/2015,32,0,0,0,0,0,0,0
580,4/30/2015,30,0,0,0,0,0,0,0
580,6/12/2015,28,2.7,3,8530,68,0,0,0
580,7/10/2015,31,4.1,3.1,9010,60,0,0,0
580,8/25/2015,5,0,0,8000,0,0,0,0
580,9/15/2015,0,0,0,8000,0,0,0,0
709,5/13/2016,40,3.4,3.1,10660,24,0,0,0
709,6/17/2016,38,3.4,2.7,9580,9,0,0,0
709,7/14/2016,40,3.4,2.8,9810,35,0,0,0
709,8/11/2016,40,3.1,3,10290,31,0,0,0
709,9/14/2016,37,4,3.2,10210,13,0,0,0
709,10/14/2016,31,3.8,3.3,9810,13,0,0,0
709,11/15/2016,38,3.9,3.3,10750,13,0,0,0
709,12/19/2016,41,3.6,3.2,11340,19,0,0,0
709,1/20/2017,40,3.5,3.1,11530,12,0,0,0
709,2/28/2017,38,3.9,3.3,11700,26,0,0,0
709,3/14/2017,0,0,0,11700,0,0,0,0
629,7/14/2016,37,2.9,2.5,10750,23,0,0,0
629,8/11/2016,65,2.4,2.4,13390,13,0,0,0
629,9/14/2016,59,2.7,2.6,14530,13,0,0,0
629,10/14/2016,60,3.3,2.6,15450,13,0,0,0
629,11/15/2016,70,3.4,2.6,17770,13,0,0,0
629,12/19/2016,71,3,2.7,19020,13,0,0,0
629,1/20/2017,64,3.2,2.6,18300,7,0,0,0
629,2/28/2017,58,3.4,2.8,18560,26,0,0,0
629,3/14/2017,55,3.4,2.8,18550,16,0,0,0
629,4/14/2017,40,3.6,3.1,18330,35,0,0,0
629,5/16/2017,0,0,0,18330,0,0,0,0
632,7/14/2016,59,4,3.6,0,1824,0,0,0
632,8/11/2016,74,3.4,2.6,16120,460,0,0,0
632,9/14/2016,66,3,2.8,16010,152,0,0,0
632,10/14/2016,63,3.2,2.9,16640,123,0,0,0
632,11/15/2016,61,3.4,3,17480,460,0,0,0
632,12/19/2016,66,3,3,19120,174,0,0,0
632,1/20/2017,47,3,3,17720,147,0,0,0
632,2/28/2017,45,4.5,3.3,18240,964,0,0,0
632,3/14/2017,42,4.2,3.4,18160,945,0,0,0
632,4/14/2017,0,0,0,18160,0,0,0,0
579,7/14/2016,68,4.5,2.9,14880,922,0,0,0
579,8/11/2016,74,3.5,2.6,15960,57,0,0,0
579,9/14/2016,66,3.4,2.9,16230,283,0,0,0
579,10/14/2016,58,3.7,3.1,16180,283,0,0,0
579,11/15/2016,58,3.5,3,17040,33,0,0,0
579,12/19/2016,56,3.4,3,17600,54,0,0,0
579,1/20/2017,47,3.6,3,17410,72,0,0,0
579,2/28/2017,40,3.2,3.2,17400,107,0,0,0
579,3/14/2017,0,0,0,17400,0,0,0,0
660,7/14/2016,68,5.3,2.4,15130,49,0,0,0
660,8/11/2016,72,3.5,2.6,16450,23,0,0,0
660,9/14/2016,62,3.8,2.9,16480,29,0,0,0
660,10/14/2016,51,3.9,3.2,15890,17,0,0,0
660,11/15/2016,51,4,3.2,16530,13,0,0,0
660,12/19/2016,56,4,3.4,17780,25,0,0,0
660,1/20/2017,23,4.9,3.6,13860,107,0,0,0
660,2/28/2017,40,4.2,3.3,15160,13,0,0,0
660,3/14/2017,42,4,3.5,15340,16,0,0,0
660,4/14/2017,48,4.2,3.4,15560,24,0,0,0
660,5/16/2017,0,0,0,15560,0,0,0,0
544,9/14/2016,60,4,3.1,14590,47,0,0,0
544,10/14/2016,64,3.5,2.8,15020,100,0,0,0
544,11/15/2016,58,4,2.8,15280,22,0,0,0
544,12/19/2016,73,3.8,2.9,18550,23,0,0,0
544,1/20/2017,64,3.6,2.8,18690,26,0,0,0
544,2/28/2017,60,3.7,2.8,19370,25,0,0,0
544,3/14/2017,53,4.1,2.9,18930,40,0,0,0
544,4/14/2017,51,4.1,3,19280,133,0,0,0
544,5/16/2017,35,4.2,3.2,18700,137,0,0,0
544,6/12/2017,0,0,0,18700,0,0,0,0
686,8/11/2016,62,3.1,2.5,15500,31,0,0,0
686,9/14/2016,57,3.3,2.8,15460,25,0,0,0
686,10/14/2016,54,3.8,2.7,15830,13,0,0,0
686,11/15/2016,45,3.5,2.6,15330,13,0,0,0
686,12/19/2016,60,3.8,2.8,18130,22,0,0,0
686,1/20/2017,58,3.6,2.8,18510,18,0,0,0
686,2/28/2017,60,3.9,2.9,19640,50,0,0,0
686,3/14/2017,58,4,2.9,19710,14,0,0,0
686,4/14/2017,53,4.2,3,19870,22,0,0,0
686,5/16/2017,50,4,3.2,20070,26,0,0,0
686,6/12/2017,27,5.2,3.3,20070,101,0,0,0
686,7/17/2017,0,0,0,20070,0,0,0,0
621,7/14/2016,37,6,3.1,11170,138,0,0,0
621,8/11/2016,50,4,2.4,12290,54,0,0,0
621,9/14/2016,50,3.3,2.7,12440,13,0,0,0
621,10/14/2016,43,3.2,3,11990,13,0,0,0
621,11/15/2016,53,4.9,3.3,13810,13,0,0,0
621,12/19/2016,32,4,3.2,11750,27,0,0,0
621,1/20/2017,43,4.6,3,13230,35,0,0,0
621,2/28/2017,43,4.3,3.1,13800,42,0,0,0
621,3/14/2017,30,3.5,3,13030,18,0,0,0
621,4/14/2017,29,3.2,3.1,13340,19,0,0,0
621,5/16/2017,37,3.9,3.2,13570,20,0,0,0
621,6/12/2017,22,4.2,3.6,13570,54,0,0,0
621,7/17/2017,0,0,0,13570,0,0,0,0
701,5/13/2016,30,5.9,3.5,9100,38,0,0,0
701,6/17/2016,34,4.8,3.3,8420,44,0,0,0
701,7/14/2016,30,4.8,3.3,7860,51,0,0,0
701,8/11/2016,30,4.7,3.6,8030,71,0,0,0
701,9/14/2016,27,5.2,3.9,7860,87,0,0,0
701,10/14/2016,26,5.4,3.9,7860,44,0,0,0
701,11/15/2016,26,5.6,4.1,8030,50,0,0,0
701,12/19/2016,23,5.4,4.1,7950,71,0,0,0
701,1/20/2017,23,5.2,3.9,8110,85,0,0,0
701,2/28/2017,19,5.6,4,8250,135,0,0,0
701,3/14/2017,16,6.2,4.2,8270,97,0,0,0
701,4/14/2017,12,5.6,3.9,8270,97,0,0,0
701,5/16/2017,0,0,0,8270,0,0,0,0
663,9/14/2016,67,3.7,3,15240,57,0,0,0
663,10/14/2016,68,2.7,2.7,15540,15,0,0,0
663,11/15/2016,58,2.9,2.8,15350,19,0,0,0
663,12/19/2016,64,3,2.9,17260,23,0,0,0
663,1/20/2017,58,3.2,2.8,17400,42,0,0,0
663,2/28/2017,53,3.3,2.9,17690,21,0,0,0
663,3/14/2017,55,3.2,3,18110,31,0,0,0
663,4/14/2017,48,3.1,3.1,18080,33,0,0,0
663,5/16/2017,0,0,0,18080,0,1,0,0
663,6/12/2017,8,4.6,4.4,15770,1346,0,0,0
663,7/17/2017,0,0,0,16010,0,0,0,0
667,4/14/2016,55,3.8,2.4,13040,327,0,0,0
667,5/13/2016,64,3.1,2.6,13890,2217,0,0,0
667,6/17/2016,56,3.4,2.7,13700,149,0,0,0
667,7/14/2016,39,3.7,2.4,12280,888,0,0,0
667,8/11/2016,37,3.2,2.4,12420,492,0,0,0
667,9/14/2016,49,3.4,2.9,14100,141,0,0,0
667,10/14/2016,47,3.8,2.9,14490,460,0,0,0
667,11/15/2016,54,3.8,2.8,15610,1131,0,0,0
667,12/19/2016,55,3.2,3,15980,76,0,0,0
667,1/20/2017,60,3.3,2.9,16140,284,0,0,0
667,2/28/2017,62,3.6,3,16140,250,0,0,0
667,3/14/2017,39,3.8,3,16140,343,0,0,0
667,4/14/2017,55,3.9,3.2,16140,91,0,0,0
667,5/16/2017,50,3.8,3.2,16140,175,0,0,0
667,6/12/2017,28,3.8,3.6,16140,522,0,0,0
667,7/17/2017,0,0,0,16140,0,0,0,0
585,9/14/2016,65,4,2.7,14590,1715,0,0,0
585,10/14/2016,72,3.3,2.7,16080,187,0,0,0
585,11/15/2016,67,3.6,2.7,16820,429,0,0,0
585,12/19/2016,68,3.7,2.8,18270,857,0,0,0
585,1/20/2017,64,3.6,2.8,18920,225,0,0,0
585,2/28/2017,64,3.8,2.8,19760,360,0,0,0
585,3/14/2017,67,3.7,2.9,20430,790,0,0,0
585,4/14/2017,68,3.7,3,21040,251,0,0,0
585,5/16/2017,59,3.8,2.9,21070,115,0,0,0
585,6/12/2017,49,3.8,3,21120,82,0,0,0
585,7/17/2017,34,4.1,3.5,21120,42,0,0,0
585,8/16/2017,23,6,4.1,21120,164,0,0,0
585,9/21/2017,0,0,0,21120,0,0,0,0
711,10/14/2016,58,3.4,2.5,16060,13,0,0,0
711,11/15/2016,58,3,2.4,15420,13,0,0,0
711,12/19/2016,58,2.9,2.7,16460,20,0,0,0
711,1/20/2017,60,2.8,2.6,17840,6,0,0,0
711,2/28/2017,60,3.3,2.7,18530,13,0,0,0
711,3/14/2017,60,3.4,2.8,18700,9,0,0,0
711,4/14/2017,59,3.7,2.8,18980,19,0,0,0
711,5/16/2017,59,3.3,3,19450,19,0,0,0
711,6/12/2017,50,3.9,3.1,19310,22,0,0,0
711,7/17/2017,34,4,3,19230,16,0,0,0
711,8/16/2017,32,4,3.2,19300,437,0,0,0
711,9/21/2017,0,0,0,19300,0,0,0,0
656,9/14/2016,67,4.4,2.9,15280,81,0,0,0
656,10/14/2016,60,3.9,3.1,14420,44,0,0,0
656,11/15/2016,51,2.7,3.2,14210,44,0,0,0
656,12/19/2016,45,3.9,3.4,14120,2786,0,0,0
656,1/20/2017,43,3.6,3.3,14190,937,0,0,0
656,2/28/2017,0,0,0,14190,0,1,0,0
656,3/14/2017,53,3.4,3.6,14400,724,0,0,0
656,4/14/2017,34,3.9,3.5,13030,565,0,0,0
656,5/16/2017,35,4.1,3.6,13550,414,0,0,0
656,6/12/2017,33,4.8,3.7,13730,321,0,0,0
656,7/17/2017,18,3.6,2.4,14310,168,0,0,0
656,8/16/2017,0,0,0,14520,0,0,0,0
636,9/14/2016,77,5.3,2.8,16400,19,0,0,0
636,10/14/2016,75,3.1,2.6,16420,13,0,0,0
636,11/15/2016,76,3.4,2.7,18060,13,0,0,0
636,12/19/2016,75,2.9,2.8,19590,17,0,0,0
636,1/20/2017,71,2.7,2.7,20530,9,0,0,0
636,2/28/2017,60,3.3,2.8,20490,27,0,0,0
636,3/14/2017,63,3.3,2.9,21040,16,0,0,0
636,4/14/2017,68,3.5,2.9,22170,16,0,0,0
636,5/16/2017,66,3.3,2.8,22570,21,0,0,0
636,6/12/2017,60,3.3,2.9,22610,48,0,0,0
636,7/17/2017,44,3.5,3.2,22680,32,0,0,0
636,8/16/2017,38,4,3.6,22680,84,0,0,0
636,9/21/2017,0,0,0,22680,0,0,0,0
691,12/19/2016,77,3,3.7,17080,38,0,0,0
691,1/20/2017,82,3.1,2.6,17720,8,0,0,0
691,2/28/2017,75,2.9,2.7,17830,26,0,0,0
691,3/14/2017,62,3.4,2.8,16620,15,0,0,0
691,4/14/2017,65,3.3,2.8,17660,14,0,0,0
691,5/16/2017,64,3.2,2.9,18210,30,0,0,0
691,6/12/2017,62,3.7,3,18770,40,0,0,0
691,7/17/2017,43,3.7,3.1,18100,77,0,0,0
691,8/16/2017,52,3.6,3.1,19230,82,0,0,0
691,9/21/2017,0,0,0,19230,0,0,0,0
708,9/14/2016,52,2.8,3,16830,44,0,0,0
708,10/14/2016,50,3.1,2.6,17110,13,0,0,0
708,11/15/2016,56,2.9,2.6,19410,13,0,0,0
708,12/19/2016,62,3.5,2.7,21930,22,0,0,0
708,1/20/2017,64,3.4,2.7,22090,14,0,0,0
708,2/28/2017,62,3.8,2.9,22800,9,0,0,0
708,3/14/2017,55,3.4,3,22050,11,0,0,0
708,4/14/2017,38,4.1,2.8,20480,20,0,0,0
708,5/16/2017,53,3.8,2.8,21900,22,0,0,0
708,6/12/2017,46,3.8,2.9,21820,46,0,0,0
708,7/17/2017,38,4,2.8,21920,50,0,0,0
708,8/16/2017,38,3.7,3,21920,64,0,0,0
708,9/21/2017,41,4,3,21920,30,0,0,0
708,10/24/2017,0,0,0,21920,0,0,0,0
675,1/20/2017,43,3.5,3.7,11870,26,0,0,0
675,2/28/2017,43,4.1,3.8,10810,71,0,0,0
675,3/14/2017,42,3.9,3.8,10470,72,0,0,0
675,4/14/2017,46,3.2,3.5,11040,15,0,0,0
675,5/16/2017,44,3.3,3.4,11110,26,0,0,0
675,6/12/2017,38,4.1,3.4,10510,71,0,0,0
675,7/17/2017,29,3.4,3.6,10040,48,0,0,0
675,8/16/2017,30,4.5,3.5,10530,74,0,0,0
675,9/21/2017,27,4,3.6,10800,49,0,0,0
675,10/24/2017,20,4.6,3.8,10960,65,0,0,0
675,11/21/2017,0,0,0,10960,0,0,0,0
699,9/14/2016,52,4.5,3.5,16930,325,0,0,0
699,10/14/2016,56,3.4,2.6,17680,13,0,0,0
699,11/15/2016,63,3.7,2.7,20840,13,0,0,0
699,12/19/2016,60,3.5,2.7,21250,33,0,0,0
699,1/20/2017,60,3.2,2.7,20640,15,0,0,0
699,2/28/2017,62,5.7,2.8,21780,24,0,0,0
699,3/14/2017,53,3.2,3,20660,14,0,0,0
699,4/14/2017,61,3.8,2.9,21990,18,0,0,0
699,5/16/2017,60,3.5,3,22510,16,0,0,0
699,6/12/2017,49,3.5,3,22340,85,0,0,0
699,7/17/2017,42,3.3,3.1,22520,28,0,0,0
699,8/16/2017,41,3.6,3.3,22520,36,0,0,0
699,9/21/2017,41,3.8,3.3,22520,22,0,0,0
699,10/24/2017,35,3.9,3.3,22520,21,0,0,0
699,11/21/2017,0,0,0,22520,0,0,0,0
710,11/15/2016,61,3.1,2.8,16480,27,0,0,0
710,12/19/2016,69,2.8,2.5,18940,18,0,0,0
710,1/20/2017,69,2.9,2.6,18750,11,0,0,0
710,2/28/2017,68,3.1,2.7,19640,13,0,0,0
710,3/14/2017,56,3.3,2.8,18110,14,0,0,0
710,4/14/2017,63,3.4,2.9,19650,15,0,0,0
710,5/16/2017,62,3.3,2.9,19820,14,0,0,0
710,6/12/2017,53,3.6,3.1,19450,30,0,0,0
710,7/17/2017,44,3.1,2.9,19370,23,0,0,0
710,8/16/2017,47,3.7,3.2,19770,54,0,0,0
710,9/21/2017,39,4.3,3.5,19870,23,0,0,0
710,10/24/2017,11,5.1,3.6,19870,34,0,0,0
710,11/21/2017,0,0,0,19870,0,0,0,0
645,11/15/2016,69,3.9,3.1,14790,18,0,0,0
645,12/19/2016,75,3.2,2.6,15860,13,0,0,0
645,1/20/2017,73,3.5,2.6,16310,19,0,0,0
645,2/28/2017,66,3.6,2.7,16680,15,0,0,0
645,3/14/2017,58,3.8,2.8,15860,14,0,0,0
645,4/14/2017,61,3.8,2.8,16780,20,0,0,0
645,5/16/2017,60,3.6,2.8,17160,16,0,0,0
645,6/12/2017,56,4,2.9,17350,104,0,0,0
645,7/17/2017,53,3.5,2.9,17830,19,0,0,0
645,8/16/2017,45,3.8,3.1,17950,33,0,0,0
645,9/21/2017,48,3.9,3.2,18070,47,0,0,0
645,10/24/2017,35,4.3,3.4,18070,66,0,0,0
645,11/21/2017,0,0,0,18070,0,0,0,0
684,12/19/2016,86,3.2,2.5,19230,13,0,0,0
684,1/20/2017,94,3.2,2.4,21250,9,0,0,0
684,2/28/2017,82,3.2,2.5,21750,8,0,0,0
684,3/14/2017,72,3.3,2.7,20800,8,0,0,0
684,4/14/2017,70,3.2,2.7,21300,13,0,0,0
684,5/16/2017,8,5.2,2.8,14590,31,1,0,0
684,6/12/2017,64,3.4,3,20260,45,0,0,0
684,7/17/2017,46,4.6,3,19490,45,0,0,0
684,8/16/2017,41,4,3.2,19690,73,0,0,0
684,9/21/2017,37,4.5,3.8,20010,40,0,0,0
684,10/24/2017,20,4.7,4,20050,50,0,0,0
684,11/21/2017,0,0,0,20050,0,0,0,0
687,1/20/2017,75,3.3,2.8,17400,16,0,0,0
687,2/28/2017,68,2.7,2.6,16710,7,0,0,0
687,3/14/2017,72,3.1,2.7,17320,13,0,0,0
687,4/14/2017,57,2.5,2.8,16180,28,0,0,0
687,5/16/2017,60,2.9,2.9,17030,14,0,0,0
687,6/12/2017,58,3.2,2.8,17430,49,0,0,0
687,7/17/2017,48,3.1,2.9,17220,20,0,0,0
687,8/16/2017,50,3.7,3,18060,60,0,0,0
687,9/21/2017,44,3.2,3.2,18430,66,0,0,0
687,10/24/2017,31,3.7,3.4,18440,106,0,0,0
687,11/21/2017,0,0,0,18440,0,0,0,0
707,10/14/2016,37,3.1,2.8,11730,100,0,0,0
707,11/15/2016,49,2.8,2.7,13010,15,0,0,0
707,12/19/2016,56,2.9,2.7,14910,13,0,0,0
707,1/20/2017,60,2.8,2.7,16560,12,0,0,0
707,2/28/2017,55,3,2.8,16480,7,0,0,0
707,3/14/2017,53,3,2.8,16320,6,0,0,0
707,4/14/2017,65,3.6,2.9,18010,13,0,0,0
707,5/16/2017,60,3.1,2.9,18140,24,0,0,0
707,6/12/2017,49,3,3,17860,29,0,0,0
707,7/17/2017,43,2.9,3,18060,19,0,0,0
707,8/16/2017,43,3.3,3,18130,21,0,0,0
707,9/21/2017,44,3.2,3.2,18130,24,0,0,0
707,10/24/2017,37,3.5,3.3,18130,21,0,0,0
707,11/21/2017,0,0,0,18130,0,0,0,0
676,2/14/2017,58,0,0,0,0,0,0,0
676,3/16/2017,55,0,0,0,0,0,0,0
676,4/15/2017,51,0,0,0,0,0,0,0
676,5/16/2017,48,3.8,3.5,12620,27,0,0,0
676,6/12/2017,47,3.6,3.6,12680,50,0,0,0
676,7/17/2017,32,4.5,3.8,11650,21,0,0,0
676,8/16/2017,41,4.6,3.8,12720,26,0,0,0
676,9/21/2017,31,3.8,4.1,12690,19,0,0,0
676,10/24/2017,29,4.5,4.2,13000,85,0,0,0
676,11/21/2017,19,4,4,13070,67,0,0,0
676,12/19/2017,0,0,0,13070,0,0,0,0
682,4/14/2017,84,3.8,2.4,17700,133,0,0,0
682,5/16/2017,84,3.1,2.5,18560,161,0,0,0
682,6/12/2017,69,3.4,2.6,17750,163,0,0,0
682,7/17/2017,57,3,2.5,17550,63,0,0,0
682,8/16/2017,56,3.3,2.8,18130,80,0,0,0
682,9/21/2017,56,3.8,3,19140,288,0,0,0
682,10/24/2017,46,3.9,3.1,19030,110,0,0,0
682,11/21/2017,51,3.7,3.1,19790,223,0,0,0
682,12/19/2017,32,4,3.3,19340,289,0,0,0
682,1/19/2018,0,0,0,19340,0,0,0,0
697,9/14/2016,47,3.9,3.3,15570,57,0,0,0
697,10/14/2016,48,3.5,2.8,16450,20,0,0,0
697,11/15/2016,53,3.5,2.9,18430,18,0,0,0
697,12/19/2016,55,3.5,3,19940,22,0,0,0
697,1/20/2017,58,3.4,2.9,20360,18,0,0,0
697,2/28/2017,56,3.6,3.1,20790,26,0,0,0
697,3/14/2017,53,3.6,3.2,20500,16,0,0,0
697,4/14/2017,55,4,3.2,21110,14,0,0,0
697,5/16/2017,53,3.7,3.1,21300,46,0,0,0
697,6/12/2017,49,3.6,3.3,21340,26,0,0,0
697,7/17/2017,43,3.9,3.2,21460,15,0,0,0
697,8/16/2017,38,3.8,3.4,21460,42,0,0,0
697,9/21/2017,39,4.2,3.6,21460,23,0,0,0
697,10/24/2017,22,4.3,4.2,21460,72,0,0,0
697,11/21/2017,10,0,0,21460,0,0,0,0
697,12/19/2017,0,0,0,21460,0,0,0,0
713,4/14/2017,51,2.9,3.7,0,44,0,0,0
713,5/16/2017,62,2.6,2.7,16570,33,0,0,0
713,6/12/2017,53,3,3,15310,19,0,0,0
713,7/17/2017,46,2.5,2.9,15090,13,0,0,0
713,8/16/2017,43,3.6,3.1,15240,53,0,0,0
713,9/21/2017,41,3.7,3.2,15430,23,0,0,0
713,10/24/2017,35,4.2,3.4,15140,32,0,0,0
713,11/21/2017,41,3.7,3.2,15980,45,0,0,0
713,12/19/2017,32,4,3.3,15580,67,0,0,0
713,1/19/2018,0,0,0,15580,0,0,0,0
670,3/14/2017,53,3.5,4.3,0,681,0,0,0
670,4/14/2017,67,3.1,2.8,13870,17,0,0,0
670,5/16/2017,60,3.4,2.9,13310,15,0,0,0
670,6/12/2017,49,4.7,3,12460,44,0,0,0
670,7/17/2017,36,1.3,3,11570,36,0,0,0
670,8/16/2017,56,4.7,2.9,13850,62,0,0,0
670,9/21/2017,27,3.9,3,11760,45,0,0,0
670,10/24/2017,31,3.4,2.8,12360,73,0,0,0
670,11/21/2017,34,4.1,3,12840,60,0,0,0
670,12/19/2017,34,4.5,3.2,13070,47,0,0,0
670,1/19/2018,0,0,0,13070,0,0,0,0
607,9/14/2016,53,4.4,3.1,13190,4851,0,0,0
607,10/14/2016,77,4.1,3.1,15870,33,0,0,0
607,11/15/2016,67,3.5,3.2,16040,13,0,0,0
607,12/19/2016,77,3.9,3.2,18780,41,0,0,0
607,1/20/2017,68,3.5,3.2,19120,19,0,0,0
607,2/28/2017,69,3.6,3.2,20370,21,0,0,0
607,3/14/2017,67,3.7,3.3,20570,13,0,0,0
607,4/14/2017,70,4,3.2,21520,29,0,0,0
607,5/16/2017,60,3.9,3.2,21410,33,0,0,0
607,6/12/2017,0,0,0,21410,0,1,0,0
607,7/17/2017,48,4.1,3.3,21230,346,0,0,0
607,9/21/2017,48,3.8,3.3,21440,50,0,0,0
607,10/24/2017,42,3.7,3.4,21440,52,0,0,0
607,11/21/2017,32,4.1,3.8,21440,217,0,0,0
607,12/19/2017,21,4.2,4.1,21440,94,0,0,0
607,1/19/2018,0,0,0,21440,0,0,0,0
666,4/14/2017,55,4.3,3.6,13060,91,0,0,0
666,5/16/2017,60,3,3.2,13030,40,0,0,0
666,6/12/2017,62,3.8,3.2,13560,112,0,0,0
666,7/17/2017,51,4.1,3.1,12950,148,0,0,0
666,8/16/2017,45,4.4,3.4,12840,913,0,0,0
666,9/21/2017,44,4.3,3.6,13300,429,0,0,0
666,10/24/2017,31,4.7,3.7,12560,294,0,0,0
666,11/21/2017,28,4.4,3.9,12630,325,0,0,0
666,12/19/2017,23,0,0,12670,0,1,0,0
666,1/19/2018,0,0,0,12670,0,0,0,0
673,4/14/2017,72,5,3.6,0,47,0,0,0
673,5/16/2017,77,2.5,2.6,15850,16,0,0,0
673,6/12/2017,62,1.7,2.9,14510,29,0,0,0
673,7/17/2017,48,4.9,3.1,13610,65,0,0,0
673,8/16/2017,50,4.5,3.1,14240,186,0,0,0
673,9/21/2017,50,3.9,3.3,14780,162,0,0,0
673,10/24/2017,24,3,3.5,12850,98,0,0,0
673,11/21/2017,45,4,3.5,14880,73,0,0,0
673,12/19/2017,36,4.6,3.8,14680,68,0,0,0
673,1/19/2018,0,0,0,14680,0,0,0,0
685,3/14/2017,74,3,2.9,15740,21,0,0,0
685,4/14/2017,82,3.3,2.4,16840,8,0,0,0
685,5/16/2017,82,2.7,2.5,17540,30,0,0,0
685,6/12/2017,67,2.9,2.5,16810,22,0,0,0
685,7/17/2017,61,2.4,2.6,16850,28,0,0,0
685,8/16/2017,65,2.8,2.8,18010,39,0,0,0
685,9/21/2017,62,3.3,3.1,18670,32,0,0,0
685,10/24/2017,48,3.3,3,18520,46,0,0,0
685,11/21/2017,41,3.3,3.2,18640,49,0,0,0
685,12/19/2017,45,3.8,3.4,18950,61,0,0,0
685,1/19/2018,27,4.2,4,19000,141,0,0,0
685,2/17/2018,0,0,0,19000,0,0,0,0
719,4/14/2017,67,3.4,2.9,17360,24,0,0,0
719,5/16/2017,66,2.8,2.5,17590,29,0,0,0
719,6/12/2017,64,3,2.7,17960,45,0,0,0
719,7/17/2017,56,2.8,2.6,17900,31,0,0,0
719,8/16/2017,52,2.8,2.8,18190,45,0,0,0
719,9/21/2017,37,3.7,3,16810,68,0,0,0
719,10/24/2017,50,3.5,3.1,18740,178,0,0,0
719,11/21/2017,51,3,3.1,19170,19,0,0,0
719,12/19/2017,45,3.7,3.4,19140,30,0,0,0
719,1/19/2018,39,3.6,3.5,19150,182,0,0,0
719,2/17/2018,0,0,0,19150,0,0,0,0
720,5/16/2017,71,3.4,2.8,17640,79,0,0,0
720,6/12/2017,68,3,2.5,17690,37,0,0,0
720,7/17/2017,64,2.8,2.4,17940,29,0,0,0
720,8/16/2017,65,2.9,2.6,18840,44,0,0,0
720,9/21/2017,58,3.2,2.7,19110,33,0,0,0
720,10/24/2017,57,3.1,2.8,19960,75,0,0,0
720,11/21/2017,71,3.1,2.7,22260,83,0,0,0
720,12/19/2017,59,3.4,3,21700,33,0,0,0
720,1/19/2018,62,3.5,2.8,22260,47,0,0,0
720,2/17/2018,49,3.4,2.9,22010,26,0,0,0
720,3/21/2018,0,0,0,22010,0,0,0,0
579,6/12/2017,68,3.7,2.7,15240,971,0,0,0
579,7/17/2017,74,2.6,2.5,15900,2142,0,0,0
579,8/16/2017,67,3.4,2.7,16010,216,0,0,0
579,9/21/2017,52,3.6,2.9,15380,1023,0,0,0
579,10/24/2017,50,4,3.1,15750,712,0,0,0
579,11/21/2017,55,3.6,3.1,16990,794,0,0,0
579,12/19/2017,45,4.1,3.4,16680,200,0,0,0
579,1/19/2018,43,3.9,3.4,17030,385,0,0,0
579,2/17/2018,28,4.2,3.7,16690,194,0,0,0
579,3/21/2018,30,3.2,3.7,16850,135,0,0,0
579,4/23/2018,0,0,0,16850,0,0,0,0
664,5/16/2017,68,3.4,3.1,14920,21,0,0,0
664,6/12/2017,79,3.5,2.9,16170,115,0,0,0
664,7/17/2017,66,2.1,2.8,15340,29,0,0,0
664,8/16/2017,61,4.1,2.8,15360,59,0,0,0
664,9/21/2017,54,3,3.2,15490,532,0,0,0
664,10/24/2017,52,4.2,3.2,16020,172,0,0,0
664,11/21/2017,64,3.3,3.1,17890,181,0,0,0
664,12/19/2017,56,3.6,3.5,17960,168,0,0,0
664,1/19/2018,64,3.9,3.4,18960,196,0,0,0
664,2/17/2018,56,3.9,3.5,18930,193,0,0,0
664,3/21/2018,53,3.8,3.4,19010,233,0,0,0
664,4/23/2018,0,0,0,19010,0,0,0,0
716,4/14/2017,76,4,2.8,18620,40,0,0,0
716,5/16/2017,64,3.5,2.5,17250,44,0,0,0
716,6/12/2017,63,3.3,2.4,17870,77,0,0,0
716,7/17/2017,41,3.7,2.2,15430,174,0,0,0
716,8/16/2017,47,3,2.6,16830,141,0,0,0
716,9/21/2017,48,3.4,2.6,17570,153,0,0,0
716,10/24/2017,46,3.4,2.7,17880,122,0,0,0
716,11/21/2017,53,3.1,2.7,18880,76,0,0,0
716,12/19/2017,54,3.6,3,19180,138,0,0,0
716,1/19/2018,56,3.6,2.9,19430,127,0,0,0
716,2/17/2018,52,3.5,3,19510,126,0,0,0
716,3/21/2018,49,3.8,2.8,19510,135,0,0,0
716,4/23/2018,0,0,0,19510,0,0,0,0
709,5/16/2017,62,3.9,3.6,0,42,0,0,0
709,6/12/2017,73,3.7,2.8,15890,12,0,0,0
709,7/17/2017,60,3,2.6,14630,7,0,0,0
709,8/16/2017,54,3.6,2.7,14520,54,0,0,0
709,9/21/2017,52,3.4,3,14950,33,0,0,0
709,10/24/2017,44,3.9,3,14640,15,0,0,0
709,11/21/2017,51,3.5,3.1,15930,21,0,0,0
709,12/19/2017,54,3.8,3.3,16780,34,0,0,0
709,1/19/2018,39,4.8,3.3,16280,16,0,0,0
709,2/17/2018,49,4.1,3.6,17030,17,0,0,0
709,3/21/2018,49,3.9,3.4,17160,28,0,0,0
709,4/23/2018,0,0,0,17160,0,0,0,0
611,4/14/2017,51,3.3,2.4,11780,33,0,0,0
611,5/16/2017,48,3.2,2.4,10990,56,0,0,0
611,6/12/2017,68,3.5,2.4,13670,176,0,0,0
611,7/17/2017,64,2.9,2.3,14270,78,0,0,0
611,8/16/2017,30,4.1,2.5,11270,169,0,0,0
611,9/21/2017,54,3.9,2.8,14080,156,0,0,0
611,10/24/2017,44,4.4,2.8,13990,210,0,0,0
611,11/21/2017,45,3.8,2.9,14380,73,0,0,0
611,12/19/2017,50,3.9,3.1,14810,111,0,0,0
611,1/19/2018,50,4.1,3.1,14930,87,0,0,0
611,2/17/2018,56,3.9,3.2,14930,89,0,0,0
611,3/21/2018,40,3.1,3.3,14930,83,0,0,0
611,4/23/2018,27,3.3,3.3,14930,189,0,0,0
611,5/24/2018,14,2.7,3.7,14930,356,0,0,0
611,6/28/2018,0,0,0,14930,0,0,0,0
693,4/14/2017,68,5.1,3.2,16000,27,0,0,0
693,5/16/2017,73,3,2.6,16280,13,0,0,0
693,6/12/2017,57,2.5,2.7,14820,31,0,0,0
693,7/17/2017,53,2.4,2.6,15260,87,0,0,0
693,8/16/2017,47,3.1,2.9,14970,444,0,0,0
693,9/21/2017,50,3.5,3,15970,870,0,0,0
693,10/24/2017,46,3.5,3,16300,500,0,0,0
693,11/21/2017,51,3,2.9,17220,211,0,0,0
693,12/19/2017,43,3.1,3.2,17180,304,0,0,0
693,1/19/2018,31,3.2,3.2,17080,231,0,0,0
693,2/17/2018,38,3.2,3.3,17130,180,0,0,0
693,3/21/2018,30,3.1,3.2,17130,242,0,0,0
693,4/23/2018,23,3.3,3.1,17130,238,0,0,0
693,5/24/2018,0,0,0,17130,0,0,0,0
718,3/14/2017,55,4.1,2.5,14920,15,0,0,0
718,4/14/2017,74,3.3,2.3,18270,18,0,0,0
718,5/16/2017,66,3.1,2.3,17940,36,0,0,0
718,6/12/2017,57,2.9,2.4,17260,46,0,0,0
718,7/17/2017,40,3.9,4.2,15830,397,0,0,0
718,8/16/2017,50,3.1,2.6,17570,24,0,0,0
718,9/21/2017,48,3.5,2.5,17950,22,0,0,0
718,10/24/2017,44,3.6,2.6,18030,22,0,0,0
718,11/21/2017,55,3.3,2.6,18970,26,0,0,0
718,12/19/2017,54,3.6,2.9,19150,27,0,0,0
718,1/19/2018,50,3.8,2.7,19240,14,0,0,0
718,2/17/2018,59,3.9,3.1,19240,17,0,0,0
718,3/21/2018,55,3.5,3.1,19240,12,0,0,0
718,4/23/2018,38,3.5,3,19240,2654,0,0,0
718,5/24/2018,0,0,0,19240,0,0,0,0
722,10/24/2017,61,4,2.7,18110,25,0,0,0
722,11/21/2017,66,2.8,2.6,19560,47,0,0,0
722,12/19/2017,67,3.4,3,20380,37,0,0,0
722,1/19/2018,60,3.1,3,19900,28,0,0,0
722,2/17/2018,68,3.2,3.2,21840,29,0,0,0
722,3/21/2018,64,3,3.2,21780,11,0,0,0
722,4/23/2018,55,3.3,3.1,21260,23,0,0,0
722,5/24/2018,63,3.4,3.2,22410,33,0,0,0
722,6/28/2018,44,3.7,3.2,21950,48,0,0,0
722,7/5/2018,43,3.5,3.1,22000,18,0,0,0
722,7/11/2018,41,3.8,3.1,21980,37,0,0,0
722,7/18/2018,0,0,0,21980,0,0,0,0
729,11/21/2017,56,2.5,2.5,16570,24,0,0,0
729,12/19/2017,50,2.7,2.5,15040,17,0,0,0
729,1/19/2018,58,3,2.6,17080,29,0,0,0
729,2/17/2018,45,2.9,2.8,15300,19,0,0,0
729,3/21/2018,47,2.9,2.8,16000,33,0,0,0
729,4/23/2018,50,3.5,2.7,16640,15,0,0,0
729,5/24/2018,48,3.4,2.8,16720,29,0,0,0
729,6/28/2018,35,3.7,2.8,15960,28,0,0,0
729,7/5/2018,37,3.4,2.8,16150,16,0,0,0
729,7/11/2018,24,5.3,3.2,15480,67,0,0,0
729,7/18/2018,0,0,0,15480,0,0,0,0
656,11/21/2017,69,2.8,2.9,15120,11,0,0,0
656,12/19/2017,74,4.1,2.9,15700,21,0,0,0
656,1/19/2018,60,3.5,3,14450,33,0,0,0
656,2/17/2018,47,3.4,3.3,13270,23,0,0,0
656,3/21/2018,49,3.6,3.3,13820,24,0,0,0
656,4/23/2018,46,3.9,3.3,13930,41,0,0,0
656,5/24/2018,51,4.4,3.5,14650,44,0,0,0
656,6/28/2018,46,3.8,3.5,14920,20,0,0,0
656,7/5/2018,39,3.4,3.5,14660,21,0,0,0
656,7/11/2018,41,4.3,3.5,14840,26,0,0,0
656,7/18/2018,42,4.4,3.6,14990,33,0,0,12
656,7/26/2018,28,3.3,3.5,14540,55,0,0,13
656,8/1/2018,26,4.7,3.8,14540,109,0,0,14
656,9/5/2018,0,0,0,14540,0,0,0,0
717,3/14/2017,58,3.8,3.3,15640,70,0,0,0
717,4/14/2017,65,3.4,2.7,16640,16,0,0,0
717,5/16/2017,40,2.4,2.8,12860,122,0,0,0
717,6/12/2017,51,3.7,2.9,15210,26,0,0,0
717,7/17/2017,39,4,2.6,14160,19,0,0,0
717,8/16/2017,41,3.8,3,14790,37,0,0,0
717,9/21/2017,44,4,3,15530,33,0,0,0
717,10/24/2017,42,3.7,3,15810,23,0,0,0
717,11/21/2017,49,3.7,3.1,16490,15,0,0,0
717,12/19/2017,45,4,3.3,16550,73,0,0,0
717,1/19/2018,44,4.8,3.3,16650,32,0,0,0
717,2/17/2018,42,4.2,3.5,16650,27,0,0,0
717,3/21/2018,43,3.7,3.4,16650,38,0,0,0
717,4/23/2018,34,4.3,3.3,16650,22,0,0,0
717,5/24/2018,46,4.3,3.6,16650,17,0,0,0
717,6/28/2018,0,0,0,16650,0,0,0,0
700,5/16/2017,66,3.5,2.7,16530,46,0,0,0
700,6/12/2017,68,3.4,2.5,17170,714,0,0,0
700,7/17/2017,60,3.3,2.5,17170,1808,0,0,0
700,8/16/2017,54,3.1,2.7,17040,519,0,0,0
700,9/21/2017,46,3.5,2.8,16750,223,0,0,0
700,10/24/2017,42,3.6,2.9,16800,1118,0,0,0
700,11/21/2017,51,3.4,3,18140,1437,0,0,0
700,12/19/2017,56,3.7,3,18980,755,0,0,0
700,1/19/2018,54,3.7,3.1,19170,309,0,0,0
700,2/17/2018,42,3.7,3.2,19020,284,0,0,0
700,3/21/2018,47,3.4,3.2,19090,876,0,0,0
700,5/24/2018,53,4.1,3.4,19090,255,0,0,0
700,6/28/2018,28,4.3,3.5,19090,163,0,0,0
700,7/5/2018,27,4.1,3.6,19090,85,0,0,0
700,7/11/2018,24,4.3,3.7,19090,340,0,0,0
700,7/18/2018,0,0,0,19090,0,0,0,0
704,4/14/2017,82,4.3,3,18590,15,0,0,0
704,5/16/2017,84,2.8,2.2,19020,11,0,0,0
704,6/12/2017,75,3.3,2.3,18530,54,0,0,0
704,7/17/2017,59,3.3,2.2,17510,14,0,0,0
704,8/16/2017,59,3.3,2.4,18390,32,0,0,0
704,9/21/2017,64,3.5,2.5,20180,19,0,0,0
704,10/24/2017,52,3.6,2.6,19800,26,0,0,0
704,11/21/2017,71,3.2,2.5,22290,15,0,0,0
704,12/19/2017,74,5.8,2.8,23150,38,0,0,0
704,1/19/2018,67,5.3,2.7,23150,18,0,0,0
704,2/17/2018,63,3.9,3,23250,15,0,0,0
704,3/21/2018,62,3.7,3,23250,15,0,0,0
704,4/23/2018,0,0,0,23250,0,0,0,0
591,4/14/2017,80,3.1,2.9,16240,558,0,0,0
591,5/16/2017,82,2.5,2.5,16430,38,0,0,0
591,6/12/2017,84,2.5,2.5,17790,15,0,0,0
591,7/17/2017,61,2.7,2.2,16700,13,0,0,0
591,8/16/2017,63,3.3,2.4,17640,13,0,0,0
591,9/21/2017,58,3.1,2.7,18130,16,0,0,0
591,10/24/2017,48,4.1,2.7,18040,39,0,0,0
591,11/21/2017,64,3,2.7,19760,32,0,0,0
591,12/19/2017,59,3.2,2.9,19890,42,0,0,0
591,1/19/2018,48,3,3,19810,76,0,0,0
591,2/17/2018,52,3.6,3.2,19870,52,0,0,0
591,7/18/2018,30,3.6,2.9,19870,100,0,0,10
591,7/26/2018,20,1.9,3.1,19870,127,0,0,12
591,8/1/2018,26,4.8,3.2,19870,126,0,0,13
591,9/5/2018,12,2.9,3.4,19870,351,0,0,13
591,10/5/2018,0,0,0,19870,0,0,0,0
642,3/14/2017,70,3.5,2.8,14950,23,0,0,0
642,4/14/2017,82,3.5,2.4,16520,16,0,0,0
642,5/16/2017,73,3.4,2.5,16210,33,0,0,0
642,6/12/2017,65,3.7,2.5,15990,54,0,0,0
642,7/17/2017,52,3.7,2.4,15030,155,0,0,0
642,8/16/2017,47,3.8,2.7,15050,213,0,0,0
642,9/21/2017,46,4.3,2.9,15570,347,0,0,0
642,10/24/2017,46,4.8,3,16210,153,0,0,0
642,11/21/2017,53,4.3,3.1,16970,43,0,0,0
642,12/19/2017,50,5.1,3.4,17150,68,0,0,0
642,1/19/2018,50,5.2,3.5,17220,51,0,0,0
642,7/18/2018,21,4.8,3.8,17220,127,0,0,13
642,7/26/2018,26,3.4,3.8,17220,91,0,0,13
642,8/1/2018,35,6.7,3.7,17220,172,0,0,13
642,9/5/2018,24,5.6,3.8,17220,173,0,0,12
642,10/5/2018,0,0,0,17220,0,0,0,0
636,11/21/2017,81,3,3.2,16810,92,0,0,0
636,12/19/2017,96,3.6,2.7,18930,16,0,0,0
636,1/19/2018,81,3.2,2.6,18130,79,0,0,0
636,2/17/2018,84,3.2,2.8,19480,11,0,0,0
636,3/21/2018,77,3.3,2.7,19680,14,0,0,0
636,4/23/2018,68,3.5,2.6,19580,15,0,0,0
636,5/24/2018,72,3.1,2.9,20600,15,0,0,0
636,6/28/2018,65,3.5,2.8,20870,18,0,0,0
636,7/5/2018,60,3.2,2.6,20670,12,0,0,0
636,7/11/2018,60,3.7,2.8,20810,26,0,0,0
636,7/18/2018,62,3.6,2.9,21000,25,0,0,16
636,7/26/2018,59,3.4,2.9,20990,15,0,0,15
636,8/1/2018,60,3.5,2.9,21170,23,0,0,17
636,9/5/2018,54,3.7,3.1,21390,27,0,0,17
636,10/5/2018,0,0,0,21390,0,0,0,0
667,9/21/2017,79,2.8,2.7,17070,130,0,0,0
667,10/24/2017,81,3.2,2.3,17720,151,0,0,0
667,11/21/2017,75,3,2.3,18230,191,0,0,0
667,12/19/2017,79,3.5,2.6,19740,456,0,0,0
667,1/19/2018,79,4,2.6,20640,88,0,0,0
667,2/17/2018,77,3,2.8,21260,108,0,0,0
667,3/21/2018,75,2.7,2.8,21790,83,0,0,0
667,4/23/2018,61,3.3,2.6,21530,66,0,0,0
667,5/24/2018,74,3.2,3,22890,42,0,0,0
667,6/28/2018,69,3.5,2.8,23200,43,0,0,0
667,7/5/2018,60,3.2,2.6,23180,45,0,0,0
667,7/26/2018,45,1.8,2.8,23240,77,0,0,15
667,8/1/2018,56,4.7,2.7,23240,85,0,0,13
667,9/5/2018,52,2.8,3,23240,169,0,0,12
667,10/5/2018,52,4.5,3.3,23240,194,0,0,15
667,11/7/2018,0,0,0,23240,0,0,0,0
691,12/19/2017,90,3.9,2.7,18370,23,0,0,0
691,1/19/2018,79,2.9,2.6,17430,16,0,0,0
691,2/17/2018,84,3.8,2.8,19110,113,0,0,0
691,3/21/2018,75,2.6,2.9,19080,9,0,0,0
691,4/23/2018,57,3.4,2.8,17850,20,0,0,0
691,5/24/2018,68,3.3,3.2,19430,12,0,0,0
691,6/28/2018,60,3.7,3.1,19480,14,0,0,0
691,7/5/2018,50,3.4,3,18890,13,0,0,0
691,7/11/2018,54,3.7,3,19270,15,0,0,0
691,7/18/2018,56,3.8,2.9,19510,22,0,0,13
691,7/26/2018,53,3.6,3,19480,19,0,0,15
691,8/1/2018,53,3.8,3.1,19600,22,0,0,16
691,9/5/2018,50,3.6,3.2,20020,18,0,0,13
691,10/5/2018,48,3.9,3.4,20130,19,0,0,12
691,11/7/2018,0,0,0,20130,0,0,0,0
544,8/16/2017,54,3.5,3.5,14780,129,0,0,0
544,9/21/2017,58,3.6,2.8,14840,70,0,0,0
544,10/24/2017,46,3.9,2.7,13770,25,0,0,0
544,11/21/2017,68,3.2,2.7,17390,12,0,0,0
544,12/19/2017,61,4,3,17410,602,0,0,0
544,1/19/2018,54,3.8,3,17420,36,0,0,0
544,2/17/2018,52,4.1,3.2,17720,21,0,0,0
544,3/21/2018,58,4.2,3.2,18960,34,0,0,0
544,4/23/2018,42,3.8,3.1,18350,31,0,0,0
544,5/24/2018,44,4.4,3.4,18710,77,0,0,0
544,6/28/2018,44,4,3.2,18820,54,0,0,0
544,7/18/2018,42,4.2,3.1,18820,87,0,0,14
544,7/26/2018,41,4.2,3.2,18820,107,0,0,17
544,8/1/2018,37,3.8,3.1,18820,109,0,0,18
544,9/5/2018,22,3.9,3.6,18820,126,0,0,18
544,10/5/2018,0,0,0,18820,0,0,0,0
616,1/20/2017,73,4.1,2.6,14960,43,0,0,0
616,2/28/2017,77,3.7,2.5,15920,13,0,0,0
616,3/14/2017,79,3.1,2.4,16510,24,0,0,0
616,4/14/2017,70,2.8,2.6,16300,21,0,0,0
616,5/16/2017,70,2.9,2.7,17030,10,0,0,0
616,6/12/2017,60,4.6,2.7,16870,18,0,0,0
616,7/17/2017,56,3.8,2.9,17350,23,0,0,0
616,8/16/2017,59,3.2,3,18240,30,0,0,0
616,9/21/2017,52,3.7,3.2,18560,23,0,0,0
616,10/24/2017,48,3.6,3.2,18740,47,0,0,0
616,11/21/2017,49,2.9,3.3,18790,34,0,0,0
616,5/24/2018,40,4,3.4,18790,70,0,0,0
616,8/1/2018,28,4.1,3.6,18790,111,0,0,13
616,9/5/2018,20,4.3,3.6,18790,127,0,0,14
616,10/5/2018,12,4.3,3.7,18790,246,0,0,15
616,11/7/2018,0,0,0,18790,0,0,0,0
735,2/17/2018,45,3.6,2.8,13520,32,0,0,0
735,3/21/2018,47,3.5,2.8,12900,45,0,0,0
735,4/23/2018,40,3.6,2.8,11980,29,0,0,0
735,5/24/2018,42,3.7,3,12730,19,0,0,0
735,6/28/2018,44,3.9,3,13120,22,0,0,0
735,7/5/2018,41,3.5,2.9,12880,21,0,0,0
735,7/11/2018,39,4.2,2.9,12790,31,0,0,0
735,7/18/2018,40,3.7,3,13000,33,0,0,12
735,7/26/2018,34,3.6,2.9,12390,25,0,0,14
735,8/1/2018,35,3.8,2.9,12570,33,0,0,14
735,9/5/2018,42,4.3,3.2,13630,28,0,0,12
735,10/5/2018,36,4.8,3.5,13540,34,0,0,13
735,11/7/2018,0,0,0,13540,0,0,0,0
723,2/17/2018,54,3.2,2.6,16170,5396,0,0,0
723,3/21/2018,49,3,2.7,14640,23,0,0,0
723,4/23/2018,53,3.2,2.8,15660,16,0,0,0
723,5/24/2018,51,3.3,3.1,15880,29,0,0,0
723,6/28/2018,49,4.1,3.1,15990,26,0,0,0
723,7/5/2018,46,3.5,3,15730,17,0,0,0
723,7/11/2018,45,4.1,3.2,15630,23,0,0,0
723,7/18/2018,46,4.4,3.2,15900,32,0,0,17
723,7/26/2018,43,4,3.1,15690,22,0,0,19
723,8/1/2018,42,4,3.2,15750,21,0,0,20
723,9/5/2018,44,3.9,3.4,16450,18,0,0,16
723,10/5/2018,40,4.6,3.7,16470,18,0,0,19
723,11/7/2018,41,4.4,3.5,16860,33,0,0,0
723,12/10/2018,0,0,0,16860,0,0,0,0
1,12/19/2017,41,2.7,3.5,14320,74,0,0,0
1,1/19/2018,46,3.1,3.1,13890,29,0,0,0
1,2/17/2018,52,3.3,3.2,14890,31,0,0,0
1,3/21/2018,40,2.9,3.2,13440,15,0,0,0
1,4/23/2018,33,3.8,3.4,12410,699,0,0,0
1,5/24/2018,38,3.9,3.5,13260,55,0,0,0
1,6/28/2018,33,3.9,3.2,13010,1501,0,0,0
1,7/5/2018,33,3.7,3.2,13210,24,0,0,0
1,7/11/2018,35,3.9,3.2,13380,25,0,0,0
1,7/18/2018,35,3.5,3.2,13550,28,0,0,13
1,7/26/2018,36,3.8,3.2,13700,24,0,0,18
1,8/1/2018,35,3.7,3.2,13670,18,0,0,17
1,9/5/2018,36,3.8,3.5,14090,14,0,0,13
1,10/5/2018,34,4.2,3.5,14250,18,0,0,16
1,11/7/2018,33,4,3.8,14310,17,0,0,0
1,12/10/2018,0,0,0,14310,0,0,0,0
2,1/19/2018,41,2.5,2.8,13640,256,0,0,0
2,2/17/2018,56,3.5,2.9,15570,20,0,0,0
2,3/21/2018,30,4.8,2.9,10730,17,0,0,0
2,4/23/2018,42,3.9,2.9,13000,22,0,0,0
2,5/24/2018,46,3.9,3.2,13800,944,0,0,0
2,6/28/2018,30,4.2,3,12050,42,0,0,0
2,7/5/2018,50,5,2.8,14570,30,0,0,0
2,7/11/2018,35,4.4,3.1,12890,28,0,0,0
2,7/18/2018,40,4.2,3.3,13520,40,0,0,16
2,7/26/2018,36,4.2,3,13210,25,0,0,20
2,8/1/2018,37,4.1,3,13390,25,0,0,19
2,9/5/2018,40,4.5,3.4,14060,27,0,0,16
2,10/5/2018,30,4.7,3.6,13810,16,0,0,16
2,11/7/2018,39,4.9,3.6,14210,45,0,0,0
2,12/10/2018,0,0,0,14210,0,0,0,0
585,10/24/2017,52,4.7,4.1,0,796,0,0,0
585,11/21/2017,82,3.2,2.5,17660,41,0,0,0
585,12/19/2017,76,3.7,2.7,17080,31,0,0,0
585,1/19/2018,73,4,2.6,17820,1385,0,0,0
585,2/17/2018,77,4,2.9,19280,22,0,0,0
585,3/21/2018,69,3.5,2.8,19100,38,0,0,0
585,4/23/2018,57,3.7,2.7,18560,18,0,0,0
585,5/24/2018,68,3.7,2.9,20110,34,0,0,0
585,6/28/2018,65,3.6,2.8,20680,40,0,0,0
585,7/5/2018,48,4.1,2.8,19970,34,0,0,0
585,7/11/2018,58,3.7,2.8,20540,33,0,0,0
585,10/5/2018,54,4.2,3.3,21000,26,0,0,15
585,11/7/2018,50,4,3.3,20990,50,0,0,0
585,12/10/2018,41,4.3,3.8,21000,32,0,0,0
585,1/10/2019,24,5.2,4.2,21040,77,0,0,0
585,2/18/2019,0,0,0,20950,0,0,0,0
724,10/24/2017,42,4.8,2.3,13760,34,0,0,0
724,11/21/2017,55,3.1,2.7,16240,10,0,0,0
724,12/19/2017,50,3.4,3,15740,16,0,0,0
724,1/19/2018,33,4.1,3,12790,81,0,0,0
724,2/17/2018,54,3.6,3.2,16490,35,0,0,0
724,3/21/2018,49,3.2,3.3,16170,4,0,0,0
724,4/23/2018,34,4.4,3.4,14770,5841,0,0,0
724,5/24/2018,29,2,3.4,14570,12,0,0,0
724,6/28/2018,37,3.9,3.3,15330,11,0,0,0
724,7/5/2018,39,3.8,3.2,15470,13,0,0,0
724,7/11/2018,37,4.1,3.3,15480,24,0,0,0
724,10/5/2018,46,4.2,3.4,15630,11,0,0,12
724,11/7/2018,41,3.7,3.1,15600,18,0,0,0
724,12/10/2018,33,4,3.5,15570,23,0,0,0
724,1/10/2019,26,4.5,3.5,15620,37,0,0,0
724,2/18/2019,0,0,0,15600,0,0,0,0
719,4/23/2018,59,3,2.5,15060,36,0,0,0
719,5/24/2018,76,2,2.7,16980,18,0,0,0
719,6/28/2018,56,3.4,2.5,14940,104,0,0,0
719,7/5/2018,69,2.7,2.5,16790,14,0,0,0
719,7/11/2018,67,2.8,2.5,16720,20,0,0,0
719,7/18/2018,79,3,2.6,18250,38,0,0,14
719,7/26/2018,69,2.8,2.6,17610,51,0,0,14
719,8/1/2018,53,3.5,2.2,15850,82,0,0,18
719,9/5/2018,64,3.1,2.8,17830,46,0,0,13
719,10/5/2018,58,3.4,3.2,18110,22,0,0,14
719,11/7/2018,54,3.5,3.2,18630,23,0,0,0
719,12/10/2018,45,3.7,3.5,18680,34,0,0,0
719,1/10/2019,37,3.9,3.5,18640,61,0,0,0
719,2/18/2019,0,0,0,18640,0,0,0,0
711,11/21/2017,75,2.3,2.2,16790,62,0,0,0
711,12/19/2017,76,0,0,16950,0,1,0,0
711,1/19/2018,71,3.6,2.6,17470,38,0,0,0
711,2/17/2018,66,3.4,2.7,17630,23,0,0,0
711,3/21/2018,68,3.5,2.9,18560,15,0,0,0
711,4/23/2018,57,3.3,2.9,17980,10,0,0,0
711,5/24/2018,55,2.7,3,18340,22,0,0,0
711,6/28/2018,56,3.4,3.1,19010,19,0,0,0
711,7/5/2018,54,3.4,3,19040,24,0,0,0
711,7/11/2018,52,3.9,3,19100,26,0,0,0
711,7/18/2018,53,4,3,19250,57,0,0,12
711,10/5/2018,48,4.5,3.5,19380,101,0,0,11
711,11/7/2018,46,4.2,3.6,19380,121,0,0,0
711,12/10/2018,39,4,3.6,19360,114,0,0,0
711,1/10/2019,32,4.1,3.7,19450,139,0,0,0
711,2/18/2019,0,0,0,19580,0,0,0,0
675,1/19/2018,71,5.1,3.8,0,53,0,0,0
675,2/17/2018,75,2.4,2.7,15780,10,0,0,0
675,3/21/2018,60,3.3,2.7,14200,15,0,0,0
675,4/23/2018,63,2.7,2.7,15000,12,0,0,0
675,5/24/2018,50,2,3,14070,11,0,0,0
675,6/28/2018,44,2.8,2.9,13820,10,0,0,0
675,7/5/2018,58,4.2,2.9,15250,22,0,0,0
675,7/11/2018,52,3,3,14850,19,0,0,0
675,7/18/2018,56,3.4,3,15310,31,0,0,12
675,7/26/2018,55,3.4,3,15450,34,0,0,14
675,8/1/2018,53,3.2,3,15320,32,0,0,15
675,10/5/2018,46,3.9,3.5,16280,62,0,0,14
675,11/7/2018,56,3.4,3.3,16810,91,0,0,0
675,12/10/2018,49,3.2,3.4,16860,80,0,0,0
675,1/10/2019,45,3.6,3.5,16860,101,0,0,0
675,2/18/2019,0,0,0,16780,0,0,0,0
730,11/21/2017,69,3.3,2.5,19200,17,0,0,0
730,12/19/2017,65,3.3,2.6,18730,16,0,0,0
730,1/19/2018,60,3.7,2.5,18090,73,0,0,0
730,2/17/2018,61,3.5,2.8,19010,174,0,0,0
730,3/21/2018,64,3.6,2.8,19880,9,0,0,0
730,4/23/2018,59,3.7,2.7,19820,17,0,0,0
730,5/24/2018,59,3.8,2.9,20210,27,0,0,0
730,6/28/2018,56,3.5,3,20450,21,0,0,0
730,7/5/2018,56,3.8,2.9,20600,19,0,0,0
730,7/11/2018,50,3.9,3,20260,23,0,0,0
730,7/18/2018,53,3.6,3,20520,28,0,0,12
730,10/5/2018,50,4.2,3.4,20880,31,0,0,15
730,11/7/2018,50,4.1,3.5,20880,34,0,0,0
730,12/10/2018,49,4.4,3.5,20840,35,0,0,0
730,1/10/2019,39,4.5,3.4,21070,34,0,0,0
730,2/18/2019,0,0,0,21060,0,0,0,0
731,3/21/2018,66,2.8,2.5,17200,93,0,0,0
731,4/23/2018,61,2.9,2.3,16030,487,0,0,0
731,5/24/2018,70,3.5,2.7,18480,444,0,0,0
731,6/28/2018,60,3.3,2.6,17810,195,0,0,0
731,7/5/2018,56,3.1,2.6,17330,166,0,0,0
731,7/11/2018,56,3.6,2.5,17430,667,0,0,0
731,7/18/2018,60,3.2,2.6,18080,688,0,0,16
731,7/26/2018,61,3.2,2.4,18410,1012,0,0,17
731,8/1/2018,49,3.4,2.6,16650,316,0,0,17
731,9/5/2018,62,3.6,2.8,19190,425,0,0,16
731,10/5/2018,56,3.9,3.1,19260,620,0,0,15
731,11/7/2018,58,3.6,3,19940,223,0,0,0
731,12/10/2018,55,3.7,2.9,20140,239,0,0,0
731,1/10/2019,55,4,2.9,20300,295,0,0,0
731,2/18/2019,0,0,0,20300,0,0,0,0
738,4/23/2018,51,3.1,2.7,13840,34,0,0,0
738,5/24/2018,57,3.2,2.8,15240,31,0,0,0
738,6/28/2018,51,3.1,2.9,15090,38,0,0,0
738,7/5/2018,54,3.3,2.8,15680,41,0,0,0
738,7/11/2018,50,3.2,2.9,15310,39,0,0,0
738,7/18/2018,53,3.2,2.9,15850,70,0,0,12
738,7/26/2018,45,3.2,2.9,14910,43,0,0,15
738,8/1/2018,49,2.9,2.9,15590,81,0,0,14
738,9/5/2018,48,3.6,3.2,16200,28,0,0,12
738,10/5/2018,48,3.7,3.4,16640,18,0,0,12
738,11/7/2018,46,3.6,3.4,16940,19,0,0,0
738,12/10/2018,45,3.7,3.4,17160,22,0,0,0
738,1/10/2019,41,3.9,3.5,17260,26,0,0,0
738,2/18/2019,27,4.4,3.7,17330,46,0,0,0
738,3/23/2019,0,0,0,17330,0,0,0,0
742,2/17/2018,56,3.5,3,16530,27,0,0,0
742,3/21/2018,47,3.7,2.6,14080,15,0,0,0
742,4/23/2018,44,3.8,2.8,13960,13,0,0,0
742,5/24/2018,53,4,2.9,15800,18,0,0,0
742,6/28/2018,56,3.6,2.9,16390,14,0,0,0
742,7/5/2018,48,3.6,2.8,15990,23,0,0,0
742,7/11/2018,47,3,2.9,15910,22,0,0,0
742,7/18/2018,53,3.6,2.9,16820,46,0,0,14
742,7/26/2018,51,3.4,2.8,16780,36,0,0,17
742,8/1/2018,51,3.4,2.8,16870,60,0,0,19
742,9/5/2018,52,3.9,3,17620,18,0,0,13
742,11/7/2018,46,3.9,3.2,17950,44,0,0,0
742,12/10/2018,45,3.9,3.3,18080,23,0,0,0
742,1/10/2019,39,4.2,3.4,18080,43,0,0,0
742,2/18/2019,37,4.7,3.6,18080,51,0,0,0
742,3/23/2019,0,0,0,18220,0,0,0,0
697,3/21/2018,90,3.4,2.6,19440,13,0,0,0
697,4/23/2018,76,3.3,2.5,17760,12,0,0,0
697,5/24/2018,82,2.9,2.8,19620,13,0,0,0
697,6/28/2018,65,3.2,2.7,18560,15,0,0,0
697,7/5/2018,60,3.1,2.6,18350,10,0,0,0
697,7/11/2018,67,3.5,2.8,19170,20,0,0,0
697,7/18/2018,65,3.1,2.6,19170,15,0,0,11
697,7/26/2018,61,3.5,2.7,18850,23,0,0,14
697,8/1/2018,62,3.2,2.7,19140,23,0,0,15
697,9/5/2018,58,3.6,3,19700,25,0,0,14
697,10/5/2018,56,3.7,3.3,20380,21,0,0,13
697,11/7/2018,60,3.7,3.2,21250,140,0,0,0
697,12/10/2018,59,4.3,3.8,21610,33,0,0,0
697,1/10/2019,59,4.6,4.1,21700,61,0,0,0
697,2/18/2019,17,5.4,4.1,21700,128,0,0,0
697,3/23/2019,0,0,0,21700,0,0,0,0
748,3/21/2018,36,3.1,3.1,13250,21,0,0,0
748,4/23/2018,33,3.2,2.4,10680,26,0,0,0
748,5/24/2018,34,3.7,2.7,11200,24,0,0,0
748,6/28/2018,35,3.4,2.9,11470,18,0,0,0
748,7/5/2018,33,3,2.8,11280,10,0,0,0
748,7/11/2018,39,3.4,2.9,12220,17,0,0,0
748,7/18/2018,40,3.4,2.8,12510,25,0,0,12
748,7/26/2018,34,3.3,2.8,11760,12,0,0,17
748,8/1/2018,40,3.4,2.9,12610,21,0,0,17
748,9/5/2018,34,3.4,3,12260,14,0,0,16
748,10/5/2018,36,3.6,3.1,12730,17,0,0,14
748,11/7/2018,37,3.5,3.2,13050,17,0,0,0
748,12/10/2018,37,3.9,3.3,13360,17,0,0,0
748,1/10/2019,35,4.2,3.3,13510,24,0,0,0
748,2/18/2019,29,4.8,3.7,13510,49,0,0,0
748,3/23/2019,0,0,0,13510,0,0,0,0
676,3/21/2018,84,2.3,2.5,17040,10,0,0,0
676,4/23/2018,80,2.6,2.4,16730,7,0,0,0
676,5/24/2018,84,2.4,2.8,18260,11,0,0,0
676,6/28/2018,74,3.2,2.8,18280,24,0,0,0
676,7/5/2018,66,3.2,2.8,17620,13,0,0,0
676,7/11/2018,77,4.3,2.7,18930,27,0,0,0
676,7/18/2018,83,3.3,2.7,19750,19,0,0,16
676,7/26/2018,67,2.1,2.7,18020,18,0,0,19
676,8/1/2018,69,4.1,2.7,18880,20,0,0,27
676,9/5/2018,66,3.8,3,19680,32,0,0,17
676,10/5/2018,64,4.2,3.3,20350,64,0,0,15
676,11/7/2018,62,3.9,3.3,20890,74,0,0,0
676,12/10/2018,53,3.9,3.6,21000,87,0,0,0
676,1/10/2019,39,4,3.9,21040,114,0,0,0
676,2/18/2019,0,0,0,21040,0,0,0,0
